[LOG] System::create                           : Header version = 2.02.27. Current version = 2.02.27.
[LOG] Manager::init                            : maxchannels = 256 studioflags = 00000006 flags 00000000 extradriverdata 0000000000000000.
[LOG] SystemI::init                            : Initialize version=20227 (149235), maxchannels=256, flags=0x00020000
[LOG] SystemI::setOutputInternal               : Setting output to 'FMOD WASAPI Output'
[LOG] OutputWASAPI::init                       : Mix Format (WAVEFORMATEX): wFormatTag=0xFFFE, nChannels=2, nSamplesPerSec=48000, nAvgBytesPerSec=384000, nBlockAlign=8, wBitsPerSample=32, cbSize=22.
[LOG] OutputWASAPI::init                       : Mix Format (WAVEFORMATEXTENSIBLE): wValidBitsPerSample=32, dwChannelMask=0x00000003, SubFormat=00000003-0000-0010-8000-00AA00389B71.
[LOG] OutputWASAPI::init                       : Output buffer size: 4096 samples, latency: 0.00ms, period: 10.00ms, DSP buffer: 1024 * 4
[LOG] Thread::initThread                       : Init FMOD stream thread. Affinity: 0x4000000000000003, Priority: 0xFFFF7FFB, Stack Size: 98304, Semaphore: No, Sleep Time: 10, Looping: Yes.
[LOG] Thread::initThread                       : Init FMOD mixer thread. Affinity: 0x4000000000000001, Priority: 0xFFFF7FFA, Stack Size: 81920, Semaphore: No, Sleep Time: 0, Looping: Yes.
[LOG] AsyncManager::init                       : manager 0000024CF8958068 isAsync 0 updatePeriod 0.02
[LOG] AsyncManager::init                       : done
[LOG] PlaybackSystem::init                     : 
[LOG] Thread::initThread                       : Init FMOD Studio sample load thread. Affinity: 0x4000000000000003, Priority: 0xFFFF7FFD, Stack Size: 98304, Semaphore: No, Sleep Time: 1, Looping: No.
[LOG] PlaybackSystem::init                     : done
[LOG] Thread::initThread                       : Init FMOD Studio bank load thread. Affinity: 0x4000000000000003, Priority: 0xFFFF7FFD, Stack Size: 98304, Semaphore: No, Sleep Time: 1, Looping: No.
[LOG] Manager::init                            : done.
[LOG] Manager::readBank                        : fileversion = 142, compatVersion = 140 (oldest = 44, newest = 142)
[LOG] Manager::readBank                        : fileversion = 142, compatVersion = 140 (oldest = 44, newest = 142)
[LOG] Manager::readBank                        : fileversion = 142, compatVersion = 140 (oldest = 44, newest = 142)
[LOG] PlaybackSystem::acquireMasterBus         : Setting master channel group format to 6
[LOG] SystemI::createSound                     : filename = Assets/Fmod/Echo/Build/Desktop/Master.bank : mode 02010082
[LOG] SystemI::createSound                     : FMOD_NONBLOCKING specified.  Putting into queue to be opened asynchronously!
[LOG] Thread::initThread                       : Init FMOD nonblocking thread (0). Affinity: 0x4000000000000003, Priority: 0xFFFF7FFC, Stack Size: 114688, Semaphore: Yes, Sleep Time: 0, Looping: Yes.
[LOG] AsyncThread::add                         : add sound to async queue : soundi = 0000024BE0581C98, queue head = 0000024DA533C6E8, queue count = 0
[LOG] AsyncThread::threadFunc                  : Starting Asynchronous operation on sound 0000024BE0581C98
[LOG] SystemI::createSoundInternal             :     Create name='Assets/Fmod/Echo/Build/Desktop/Master.bank', mode=0x02010082
[LOG] SystemI::createSoundInternal             :     exinfo->cbsize             = 224
[LOG] SystemI::createSoundInternal             :     exinfo->length             = 2226080
[LOG] SystemI::createSoundInternal             :     exinfo->fileoffset         = 41920
[LOG] SystemI::createSoundInternal             :     exinfo->numsubsounds       = 1
[LOG] SystemI::createSoundInternal             :     exinfo->inclusionlist      = 0000024A70169420
[LOG] SystemI::createSoundInternal             :     exinfo->inclusionlistnum   = 1
[LOG] SystemI::createSoundInternal             :     exinfo->suggestedsoundtype = 5
[LOG] SystemI::createSoundInternal             :     exinfo->initialseekpostype = 1
[LOG] SystemI::createSound                     :     filename = Assets/Fmod/Echo/Build/Desktop/Master.bank : mode 02010082
[LOG] SystemI::createSound                     :     FMOD_NONBLOCKING specified.  Putting into queue to be opened asynchronously!
[LOG] AsyncThread::add                         :     add sound to async queue : soundi = 0000024BE05810C8, queue head = 0000024DA533C6E8, queue count = 0
[LOG] SystemI::createSoundInternal             :     Stream 0/1: name='FOND_SONORE', format=5, channels=2, frequency=48000, lengthbytes=1201568, lengthpcm=5619879, pcmblocksize=0, loopstart=0, loopend=0, mode=0x00000000, channelmask=0x00000000, channelorder=0, peakvolume=0.020447.
[LOG] SystemI::createSoundInternal             :     Create name='', mode=0x02000202
[LOG] SystemI::createSoundInternal             :     exinfo->cbsize             = 224
[LOG] SystemI::createSoundInternal             :     exinfo->length             = 2226080
[LOG] SystemI::createSoundInternal             :     exinfo->fileoffset         = 41920
[LOG] SystemI::createSoundInternal             :     exinfo->numsubsounds       = 1
[LOG] SystemI::createSoundInternal             :     exinfo->inclusionlist      = 000000B67396ED98
[LOG] SystemI::createSoundInternal             :     exinfo->inclusionlistnum   = 1
[LOG] SystemI::createSoundInternal             :     exinfo->suggestedsoundtype = 5
[LOG] SystemI::createSoundInternal             :     exinfo->useropen           = 00007FFE641A5B90
[LOG] SystemI::createSoundInternal             :     exinfo->userclose          = 00007FFE641A5B50
[LOG] SystemI::createSoundInternal             :     exinfo->userread           = 00007FFE641A5C70
[LOG] SystemI::createSoundInternal             :     exinfo->userseek           = 00007FFE641A5D30
[LOG] SystemI::createSoundInternal             :     exinfo->fileuserdata       = 0000024D0D880D28
[LOG] SystemI::createSoundInternal             :     exinfo->initialseekpostype = 1
[LOG] SystemI::DSPCodecPoolRegister            :     register codec pool for pool type 5
[LOG] SystemI::createSoundInternal             :     Sample 0/1: name='Heartbeat_Mid', format=5, channels=2, frequency=48000, lengthbytes=5696, lengthpcm=66455, pcmblocksize=0, loopstart=0, loopend=0, mode=0x00000000, channelmask=0x00000000, channelorder=0, peakvolume=0.092804.
[LOG] SystemI::createSoundInternal             :     Create name='', mode=0x02000202
[LOG] SystemI::createSoundInternal             :     exinfo->cbsize             = 224
[LOG] SystemI::createSoundInternal             :     exinfo->length             = 2226080
[LOG] SystemI::createSoundInternal             :     exinfo->fileoffset         = 41920
[LOG] SystemI::createSoundInternal             :     exinfo->numsubsounds       = 1
[LOG] SystemI::createSoundInternal             :     exinfo->inclusionlist      = 000000B67396ED98
[LOG] Thread::initThread                       :     Init FMOD file thread. Affinity: 0x4000000000000003, Priority: 0xFFFF7FFC, Stack Size: 65536, Semaphore: No, Sleep Time: 10, Looping: Yes.
[LOG] SystemI::createSoundInternal             :     exinfo->inclusionlistnum   = 1
[LOG] SystemI::createSoundInternal             :     exinfo->suggestedsoundtype = 5
[LOG] SystemI::createSoundInternal             :     exinfo->useropen           = 00007FFE641A5B90
[LOG] SystemI::createSoundInternal             :     exinfo->userclose          = 00007FFE641A5B50
[LOG] SystemI::createSoundInternal             :     exinfo->userread           = 00007FFE641A5C70
[LOG] SystemI::createSoundInternal             :     exinfo->userseek           = 00007FFE641A5D30
[LOG] SystemI::createSoundInternal             :     exinfo->fileuserdata       = 0000024D0D880D28
[LOG] SystemI::createSoundInternal             :     exinfo->initialseekpostype = 1
[LOG] SystemI::DSPCodecPoolRegister            :     register codec pool for pool type 5
[LOG] SystemI::createSoundInternal             :     Sample 0/1: name='Heartbeat_Fast', format=5, channels=2, frequency=48000, lengthbytes=5472, lengthpcm=66455, pcmblocksize=0, loopstart=0, loopend=0, mode=0x00000000, channelmask=0x00000000, channelorder=0, peakvolume=0.053436.
[LOG] SystemI::createSoundInternal             :     Create name='', mode=0x02000202
[LOG] SystemI::createSoundInternal             :     exinfo->cbsize             = 224
[LOG] SystemI::createSoundInternal             :     exinfo->length             = 2226080
[LOG] SystemI::createSoundInternal             :     exinfo->fileoffset         = 41920
[LOG] SystemI::createSoundInternal             :     exinfo->numsubsounds       = 1
[LOG] SystemI::createSoundInternal             :     exinfo->inclusionlist      = 000000B67396ED98
[LOG] SystemI::createSoundInternal             :     exinfo->inclusionlistnum   = 1
[LOG] SystemI::createSoundInternal             :     exinfo->suggestedsoundtype = 5
[LOG] SystemI::createSoundInternal             :     exinfo->useropen           = 00007FFE641A5B90
[LOG] SystemI::createSoundInternal             :     exinfo->userclose          = 00007FFE641A5B50
[LOG] SystemI::createSoundInternal             :     exinfo->userread           = 00007FFE641A5C70
[LOG] SystemI::createSoundInternal             :     exinfo->userseek           = 00007FFE641A5D30
[LOG] SystemI::createSoundInternal             :     exinfo->fileuserdata       = 0000024D0D880D28
[LOG] SystemI::createSoundInternal             :     exinfo->initialseekpostype = 1
[LOG] SystemI::DSPCodecPoolRegister            :     register codec pool for pool type 5
[LOG] SystemI::createSoundInternal             :     Sample 0/1: name='Heartbeat_Slow', format=5, channels=2, frequency=48000, lengthbytes=5952, lengthpcm=66455, pcmblocksize=0, loopstart=0, loopend=0, mode=0x00000000, channelmask=0x00000000, channelorder=0, peakvolume=0.054535.
[LOG] AsyncThread::threadFunc                  : Finished Asynchronous operation on sound 0000024BE0581C98
[LOG] AsyncThread::threadFunc                  : Starting Asynchronous operation on sound 0000024BE05810C8
[LOG] SystemI::createSoundInternal             :     Create name='Assets/Fmod/Echo/Build/Desktop/Master.bank', mode=0x02010082
[LOG] SystemI::createSoundInternal             :     exinfo->cbsize             = 224
[LOG] SystemI::createSoundInternal             :     exinfo->length             = 2226080
[LOG] SystemI::createSoundInternal             :     exinfo->fileoffset         = 41920
[LOG] SystemI::createSoundInternal             :     exinfo->numsubsounds       = 1
[LOG] SystemI::createSoundInternal             :     exinfo->inclusionlist      = 0000024A70169560
[LOG] SystemI::createSoundInternal             :     exinfo->inclusionlistnum   = 1
[LOG] SystemI::createSoundInternal             :     exinfo->suggestedsoundtype = 5
[LOG] SystemI::createSoundInternal             :     exinfo->initialseekpostype = 1
[LOG] SystemI::createSoundInternal             :     Create name='', mode=0x02000202
[LOG] SystemI::createSoundInternal             :     exinfo->cbsize             = 224
[LOG] SystemI::createSoundInternal             :     exinfo->length             = 951136
[LOG] SystemI::createSoundInternal             :     exinfo->fileoffset         = 88864
[LOG] SystemI::createSoundInternal             :     exinfo->numsubsounds       = 1
[LOG] SystemI::createSoundInternal             :     exinfo->inclusionlist      = 000000B67396ED98
[LOG] SystemI::createSoundInternal             :     exinfo->inclusionlistnum   = 1
[LOG] SystemI::createSoundInternal             :     exinfo->suggestedsoundtype = 5
[LOG] SystemI::createSoundInternal             :     exinfo->useropen           = 00007FFE641A5B90
[LOG] SystemI::createSoundInternal             :     exinfo->userclose          = 00007FFE641A5B50
[LOG] SystemI::createSoundInternal             :     exinfo->userread           = 00007FFE641A5C70
[LOG] SystemI::createSoundInternal             :     exinfo->userseek           = 00007FFE641A5D30
[LOG] SystemI::createSoundInternal             :     exinfo->fileuserdata       = 0000024D0D881B98
[LOG] SystemI::createSoundInternal             :     exinfo->initialseekpostype = 1
[LOG] SystemI::createSoundInternal             :     Stream 0/1: name='VOICE_ENNEMY_PATROL', format=5, channels=2, frequency=48000, lengthbytes=183968, lengthpcm=902791, pcmblocksize=0, loopstart=0, loopend=0, mode=0x00000000, channelmask=0x00000000, channelorder=0, peakvolume=0.311432.
[LOG] SystemI::DSPCodecPoolRegister            :     register codec pool for pool type 5
[LOG] SystemI::createSoundInternal             :     Sample 0/1: name='Stylo_Carrelage_V6', format=5, channels=2, frequency=48000, lengthbytes=6528, lengthpcm=76486, pcmblocksize=0, loopstart=0, loopend=0, mode=0x00000000, channelmask=0x00000000, channelorder=0, peakvolume=0.854431.
[LOG] SystemI::createSoundInternal             :     Create name='', mode=0x02000202
[LOG] SystemI::createSoundInternal             :     exinfo->cbsize             = 224
[LOG] SystemI::createSoundInternal             :     exinfo->length             = 951136
[LOG] SystemI::createSoundInternal             :     exinfo->fileoffset         = 88864
[LOG] SystemI::createSoundInternal             :     exinfo->numsubsounds       = 1
[LOG] SystemI::createSoundInternal             :     exinfo->inclusionlist      = 000000B67396ED98
[LOG] SystemI::createSoundInternal             :     exinfo->inclusionlistnum   = 1
[LOG] SystemI::createSoundInternal             :     exinfo->suggestedsoundtype = 5
[LOG] SystemI::createSoundInternal             :     exinfo->useropen           = 00007FFE641A5B90
[LOG] SystemI::createSoundInternal             :     exinfo->userclose          = 00007FFE641A5B50
[LOG] SystemI::createSoundInternal             :     exinfo->userread           = 00007FFE641A5C70
[LOG] SystemI::createSoundInternal             :     exinfo->userseek           = 00007FFE641A5D30
[LOG] SystemI::createSoundInternal             :     exinfo->fileuserdata       = 0000024D0D881B98
[LOG] SystemI::createSoundInternal             :     exinfo->initialseekpostype = 1
[LOG] SystemI::DSPCodecPoolRegister            :     register codec pool for pool type 5
[LOG] SystemI::createSoundInternal             :     Sample 0/1: name='Boite_Crayon_Carrelage_V3', format=5, channels=2, frequency=48000, lengthbytes=3232, lengthpcm=63947, pcmblocksize=0, loopstart=0, loopend=0, mode=0x00000000, channelmask=0x00000000, channelorder=0, peakvolume=0.933289.
[LOG] SystemI::createSoundInternal             :     Create name='', mode=0x02000202
[LOG] SystemI::createSoundInternal             :     exinfo->cbsize             = 224
[LOG] SystemI::createSoundInternal             :     exinfo->length             = 951136
[LOG] SystemI::createSoundInternal             :     exinfo->fileoffset         = 88864
[LOG] SystemI::createSoundInternal             :     exinfo->numsubsounds       = 1
[LOG] AsyncThread::threadFunc                  : Finished Asynchronous operation on sound 0000024BE05810C8
[LOG] SystemI::createSoundInternal             : exinfo->inclusionlist      = 000000B67396ED98
[LOG] SystemI::createSoundInternal             : exinfo->inclusionlistnum   = 1
[LOG] SystemI::createSoundInternal             : exinfo->suggestedsoundtype = 5
[LOG] SystemI::createSoundInternal             : exinfo->useropen           = 00007FFE641A5B90
[LOG] SystemI::createSoundInternal             : exinfo->userclose          = 00007FFE641A5B50
[LOG] SystemI::createSoundInternal             : exinfo->userread           = 00007FFE641A5C70
[LOG] SystemI::createSoundInternal             : exinfo->userseek           = 00007FFE641A5D30
[LOG] SystemI::createSoundInternal             : exinfo->fileuserdata       = 0000024D0D881B98
[LOG] SystemI::createSoundInternal             : exinfo->initialseekpostype = 1
[LOG] SystemI::DSPCodecPoolRegister            : register codec pool for pool type 5
[LOG] SystemI::createSoundInternal             : Sample 0/1: name='Stylo_Tapis_V2', format=5, channels=2, frequency=48000, lengthbytes=1600, lengthpcm=55170, pcmblocksize=0, loopstart=0, loopend=0, mode=0x00000000, channelmask=0x00000000, channelorder=0, peakvolume=0.065155.
[LOG] SystemI::createSoundInternal             : Create name='', mode=0x02000202
[LOG] SystemI::createSoundInternal             : exinfo->cbsize             = 224
[LOG] SystemI::createSoundInternal             : exinfo->length             = 951136
[LOG] SystemI::createSoundInternal             : exinfo->fileoffset         = 88864
[LOG] SystemI::createSoundInternal             : exinfo->numsubsounds       = 1
[LOG] SystemI::createSoundInternal             : exinfo->inclusionlist      = 000000B67396ED98
[LOG] SystemI::createSoundInternal             : exinfo->inclusionlistnum   = 1
[LOG] SystemI::createSoundInternal             : exinfo->suggestedsoundtype = 5
[LOG] SystemI::createSoundInternal             : exinfo->useropen           = 00007FFE641A5B90
[LOG] SystemI::createSoundInternal             : exinfo->userclose          = 00007FFE641A5B50
[LOG] SystemI::createSoundInternal             : exinfo->userread           = 00007FFE641A5C70
[LOG] SystemI::createSoundInternal             : exinfo->userseek           = 00007FFE641A5D30
[LOG] SystemI::createSoundInternal             : exinfo->fileuserdata       = 0000024D0D881B98
[LOG] SystemI::createSoundInternal             : exinfo->initialseekpostype = 1
[LOG] SystemI::DSPCodecPoolRegister            : register codec pool for pool type 5
[LOG] SystemI::createSoundInternal             : Sample 0/1: name='Brosse_a_dents_Tapis_V4', format=5, channels=2, frequency=48000, lengthbytes=2464, lengthpcm=61440, pcmblocksize=0, loopstart=0, loopend=0, mode=0x00000000, channelmask=0x00000000, channelorder=0, peakvolume=0.062897.
[LOG] SystemI::createSoundInternal             : Create name='', mode=0x02000202
[LOG] SystemI::createSoundInternal             : exinfo->cbsize             = 224
[LOG] SystemI::createSoundInternal             : exinfo->length             = 951136
[LOG] SystemI::createSoundInternal             : exinfo->fileoffset         = 88864
[LOG] SystemI::createSoundInternal             : exinfo->numsubsounds       = 1
[LOG] SystemI::createSoundInternal             : exinfo->inclusionlist      = 000000B67396ED98
[LOG] SystemI::createSoundInternal             : exinfo->inclusionlistnum   = 1
[LOG] SystemI::createSoundInternal             : exinfo->suggestedsoundtype = 5
[LOG] SystemI::createSoundInternal             : exinfo->useropen           = 00007FFE641A5B90
[LOG] SystemI::createSoundInternal             : exinfo->userclose          = 00007FFE641A5B50
[LOG] SystemI::createSoundInternal             : exinfo->userread           = 00007FFE641A5C70
[LOG] SystemI::createSoundInternal             : exinfo->userseek           = 00007FFE641A5D30
[LOG] SystemI::createSoundInternal             : exinfo->fileuserdata       = 0000024D0D881B98
[LOG] SystemI::createSoundInternal             : exinfo->initialseekpostype = 1
[LOG] SystemI::DSPCodecPoolRegister            : register codec pool for pool type 5
[LOG] SystemI::createSoundInternal             : Sample 0/1: name='Livre_Bois_V3', format=5, channels=2, frequency=48000, lengthbytes=8416, lengthpcm=91533, pcmblocksize=0, loopstart=0, loopend=0, mode=0x00000000, channelmask=0x00000000, channelorder=0, peakvolume=0.227325.
[LOG] SystemI::createSoundInternal             : Create name='', mode=0x02000202
[LOG] SystemI::createSoundInternal             : exinfo->cbsize             = 224
[LOG] SystemI::createSoundInternal             : exinfo->length             = 951136
[LOG] SystemI::createSoundInternal             : exinfo->fileoffset         = 88864
[LOG] SystemI::createSoundInternal             : exinfo->numsubsounds       = 1
[LOG] SystemI::createSoundInternal             : exinfo->inclusionlist      = 000000B67396ED98
[LOG] SystemI::createSoundInternal             : exinfo->inclusionlistnum   = 1
[LOG] SystemI::createSoundInternal             : exinfo->suggestedsoundtype = 5
[LOG] SystemI::createSoundInternal             : exinfo->useropen           = 00007FFE641A5B90
[LOG] SystemI::createSoundInternal             : exinfo->userclose          = 00007FFE641A5B50
[LOG] SystemI::createSoundInternal             : exinfo->userread           = 00007FFE641A5C70
[LOG] SystemI::createSoundInternal             : exinfo->userseek           = 00007FFE641A5D30
[LOG] SystemI::createSoundInternal             : exinfo->fileuserdata       = 0000024D0D881B98
[LOG] SystemI::createSoundInternal             : exinfo->initialseekpostype = 1
[LOG] SystemI::DSPCodecPoolRegister            : register codec pool for pool type 5
[LOG] SystemI::createSoundInternal             : Sample 0/1: name='Stylo_Bois_V2', format=5, channels=2, frequency=48000, lengthbytes=7136, lengthpcm=77740, pcmblocksize=0, loopstart=0, loopend=0, mode=0x00000000, channelmask=0x00000000, channelorder=0, peakvolume=0.697906.
[LOG] SystemI::createSoundInternal             : Create name='', mode=0x02000202
[LOG] SystemI::createSoundInternal             : exinfo->cbsize             = 224
[LOG] SystemI::createSoundInternal             : exinfo->length             = 951136
[LOG] SystemI::createSoundInternal             : exinfo->fileoffset         = 88864
[LOG] SystemI::createSoundInternal             : exinfo->numsubsounds       = 1
[LOG] SystemI::createSoundInternal             : exinfo->inclusionlist      = 000000B67396ED98
[LOG] SystemI::createSoundInternal             : exinfo->inclusionlistnum   = 1
[LOG] SystemI::createSoundInternal             : exinfo->suggestedsoundtype = 5
[LOG] SystemI::createSoundInternal             : exinfo->useropen           = 00007FFE641A5B90
[LOG] SystemI::createSoundInternal             : exinfo->userclose          = 00007FFE641A5B50
[LOG] SystemI::createSoundInternal             : exinfo->userread           = 00007FFE641A5C70
[LOG] SystemI::createSoundInternal             : exinfo->userseek           = 00007FFE641A5D30
[LOG] SystemI::createSoundInternal             : exinfo->fileuserdata       = 0000024D0D881B98
[LOG] SystemI::createSoundInternal             : exinfo->initialseekpostype = 1
[LOG] SystemI::DSPCodecPoolRegister            : register codec pool for pool type 5
[LOG] SystemI::createSoundInternal             : Sample 0/1: name='Boite_Crayon_Carrelage_V6', format=5, channels=2, frequency=48000, lengthbytes=7456, lengthpcm=78994, pcmblocksize=0, loopstart=0, loopend=0, mode=0x00000000, channelmask=0x00000000, channelorder=0, peakvolume=0.920135.
[LOG] SystemI::createSoundInternal             : Create name='', mode=0x02000202
[LOG] SystemI::createSoundInternal             : exinfo->cbsize             = 224
[LOG] SystemI::createSoundInternal             : exinfo->length             = 951136
[LOG] SystemI::createSoundInternal             : exinfo->fileoffset         = 88864
[LOG] SystemI::createSoundInternal             : exinfo->numsubsounds       = 1
[LOG] SystemI::createSoundInternal             : exinfo->inclusionlist      = 000000B67396ED98
[LOG] SystemI::createSoundInternal             : exinfo->inclusionlistnum   = 1
[LOG] SystemI::createSoundInternal             : exinfo->suggestedsoundtype = 5
[LOG] SystemI::createSoundInternal             : exinfo->useropen           = 00007FFE641A5B90
[LOG] SystemI::createSoundInternal             : exinfo->userclose          = 00007FFE641A5B50
[LOG] SystemI::createSoundInternal             : exinfo->userread           = 00007FFE641A5C70
[LOG] SystemI::createSoundInternal             : exinfo->userseek           = 00007FFE641A5D30
[LOG] SystemI::createSoundInternal             : exinfo->fileuserdata       = 0000024D0D881B98
[LOG] SystemI::createSoundInternal             : exinfo->initialseekpostype = 1
[LOG] SystemI::DSPCodecPoolRegister            : register codec pool for pool type 5
[LOG] SystemI::createSoundInternal             : Sample 0/1: name='Brosse_a_dents_Bois_V6', format=5, channels=2, frequency=48000, lengthbytes=3840, lengthpcm=63947, pcmblocksize=0, loopstart=0, loopend=0, mode=0x00000000, channelmask=0x00000000, channelorder=0, peakvolume=0.999969.
[LOG] SystemI::createSoundInternal             : Create name='', mode=0x02000202
[LOG] SystemI::createSoundInternal             : exinfo->cbsize             = 224
[LOG] SystemI::createSoundInternal             : exinfo->length             = 951136
[LOG] SystemI::createSoundInternal             : exinfo->fileoffset         = 88864
[LOG] SystemI::createSoundInternal             : exinfo->numsubsounds       = 1
[LOG] SystemI::createSoundInternal             : exinfo->inclusionlist      = 000000B67396ED98
[LOG] SystemI::createSoundInternal             : exinfo->inclusionlistnum   = 1
[LOG] SystemI::createSoundInternal             : exinfo->suggestedsoundtype = 5
[LOG] SystemI::createSoundInternal             : exinfo->useropen           = 00007FFE641A5B90
[LOG] SystemI::createSoundInternal             : exinfo->userclose          = 00007FFE641A5B50
[LOG] SystemI::createSoundInternal             : exinfo->userread           = 00007FFE641A5C70
[LOG] SystemI::createSoundInternal             : exinfo->userseek           = 00007FFE641A5D30
[LOG] SystemI::createSoundInternal             : exinfo->fileuserdata       = 0000024D0D881B98
[LOG] SystemI::createSoundInternal             : exinfo->initialseekpostype = 1
[LOG] SystemI::DSPCodecPoolRegister            : register codec pool for pool type 5
[LOG] SystemI::createSoundInternal             : Sample 0/1: name='Brosse_a_dents_Tapis_V3', format=5, channels=2, frequency=48000, lengthbytes=2176, lengthpcm=58932, pcmblocksize=0, loopstart=0, loopend=0, mode=0x00000000, channelmask=0x00000000, channelorder=0, peakvolume=0.091370.
[LOG] SystemI::createSoundInternal             : Create name='', mode=0x02000202
[LOG] SystemI::createSoundInternal             : exinfo->cbsize             = 224
[LOG] SystemI::createSoundInternal             : exinfo->length             = 951136
[LOG] SystemI::createSoundInternal             : exinfo->fileoffset         = 88864
[LOG] SystemI::createSoundInternal             : exinfo->numsubsounds       = 1
[LOG] SystemI::createSoundInternal             : exinfo->inclusionlist      = 000000B67396ED98
[LOG] SystemI::createSoundInternal             : exinfo->inclusionlistnum   = 1
[LOG] SystemI::createSoundInternal             : exinfo->suggestedsoundtype = 5
[LOG] SystemI::createSoundInternal             : exinfo->useropen           = 00007FFE641A5B90
[LOG] SystemI::createSoundInternal             : exinfo->userclose          = 00007FFE641A5B50
[LOG] SystemI::createSoundInternal             : exinfo->userread           = 00007FFE641A5C70
[LOG] SystemI::createSoundInternal             : exinfo->userseek           = 00007FFE641A5D30
[LOG] SystemI::createSoundInternal             : exinfo->fileuserdata       = 0000024D0D881B98
[LOG] SystemI::createSoundInternal             : exinfo->initialseekpostype = 1
[LOG] SystemI::DSPCodecPoolRegister            : register codec pool for pool type 5
[LOG] SystemI::createSoundInternal             : Sample 0/1: name='Stylo_Carrelage_V4', format=5, channels=2, frequency=48000, lengthbytes=11040, lengthpcm=91533, pcmblocksize=0, loopstart=0, loopend=0, mode=0x00000000, channelmask=0x00000000, channelorder=0, peakvolume=0.892181.
[LOG] SystemI::createSoundInternal             : Create name='', mode=0x02000202
[LOG] SystemI::createSoundInternal             : exinfo->cbsize             = 224
[LOG] SystemI::createSoundInternal             : exinfo->length             = 951136
[LOG] SystemI::createSoundInternal             : exinfo->fileoffset         = 88864
[LOG] SystemI::createSoundInternal             : exinfo->numsubsounds       = 1
[LOG] SystemI::createSoundInternal             : exinfo->inclusionlist      = 000000B67396ED98
[LOG] SystemI::createSoundInternal             : exinfo->inclusionlistnum   = 1
[LOG] SystemI::createSoundInternal             : exinfo->suggestedsoundtype = 5
[LOG] SystemI::createSoundInternal             : exinfo->useropen           = 00007FFE641A5B90
[LOG] SystemI::createSoundInternal             : exinfo->userclose          = 00007FFE641A5B50
[LOG] SystemI::createSoundInternal             : exinfo->userread           = 00007FFE641A5C70
[LOG] SystemI::createSoundInternal             : exinfo->userseek           = 00007FFE641A5D30
[LOG] SystemI::createSoundInternal             : exinfo->fileuserdata       = 0000024D0D881B98
[LOG] SystemI::createSoundInternal             : exinfo->initialseekpostype = 1
[LOG] SystemI::DSPCodecPoolRegister            : register codec pool for pool type 5
[LOG] SystemI::createSoundInternal             : Sample 0/1: name='Brosse_a_dents_Tapis_V5', format=5, channels=2, frequency=48000, lengthbytes=2976, lengthpcm=63947, pcmblocksize=0, loopstart=0, loopend=0, mode=0x00000000, channelmask=0x00000000, channelorder=0, peakvolume=0.126556.
[LOG] SystemI::createSoundInternal             : Create name='', mode=0x02000202
[LOG] SystemI::createSoundInternal             : exinfo->cbsize             = 224
[LOG] SystemI::createSoundInternal             : exinfo->length             = 951136
[LOG] SystemI::createSoundInternal             : exinfo->fileoffset         = 88864
[LOG] SystemI::createSoundInternal             : exinfo->numsubsounds       = 1
[LOG] SystemI::createSoundInternal             : exinfo->inclusionlist      = 000000B67396ED98
[LOG] SystemI::createSoundInternal             : exinfo->inclusionlistnum   = 1
[LOG] SystemI::createSoundInternal             : exinfo->suggestedsoundtype = 5
[LOG] SystemI::createSoundInternal             : exinfo->useropen           = 00007FFE641A5B90
[LOG] SystemI::createSoundInternal             : exinfo->userclose          = 00007FFE641A5B50
[LOG] SystemI::createSoundInternal             : exinfo->userread           = 00007FFE641A5C70
[LOG] SystemI::createSoundInternal             : exinfo->userseek           = 00007FFE641A5D30
[LOG] SystemI::createSoundInternal             : exinfo->fileuserdata       = 0000024D0D881B98
[LOG] SystemI::createSoundInternal             : exinfo->initialseekpostype = 1
[LOG] SystemI::DSPCodecPoolRegister            : register codec pool for pool type 5
[LOG] SystemI::createSoundInternal             : Sample 0/1: name='Brosse_a_dents_Carrelage_V5', format=5, channels=2, frequency=48000, lengthbytes=5024, lengthpcm=67709, pcmblocksize=0, loopstart=0, loopend=0, mode=0x00000000, channelmask=0x00000000, channelorder=0, peakvolume=0.884003.
[LOG] SystemI::createSoundInternal             : Create name='', mode=0x02000202
[LOG] SystemI::createSoundInternal             : exinfo->cbsize             = 224
[LOG] SystemI::createSoundInternal             : exinfo->length             = 951136
[LOG] SystemI::createSoundInternal             : exinfo->fileoffset         = 88864
[LOG] SystemI::createSoundInternal             : exinfo->numsubsounds       = 1
[LOG] SystemI::createSoundInternal             : exinfo->inclusionlist      = 000000B67396ED98
[LOG] SystemI::createSoundInternal             : exinfo->inclusionlistnum   = 1
[LOG] SystemI::createSoundInternal             : exinfo->suggestedsoundtype = 5
[LOG] SystemI::createSoundInternal             : exinfo->useropen           = 00007FFE641A5B90
[LOG] SystemI::createSoundInternal             : exinfo->userclose          = 00007FFE641A5B50
[LOG] SystemI::createSoundInternal             : exinfo->userread           = 00007FFE641A5C70
[LOG] SystemI::createSoundInternal             : exinfo->userseek           = 00007FFE641A5D30
[LOG] SystemI::createSoundInternal             : exinfo->fileuserdata       = 0000024D0D881B98
[LOG] SystemI::createSoundInternal             : exinfo->initialseekpostype = 1
[LOG] SystemI::DSPCodecPoolRegister            : register codec pool for pool type 5
[LOG] SystemI::createSoundInternal             : Sample 0/1: name='Stylo_Bois_V3', format=5, channels=2, frequency=48000, lengthbytes=3904, lengthpcm=63947, pcmblocksize=0, loopstart=0, loopend=0, mode=0x00000000, channelmask=0x00000000, channelorder=0, peakvolume=0.463623.
[LOG] SystemI::createSoundInternal             : Create name='', mode=0x02000202
[LOG] SystemI::createSoundInternal             : exinfo->cbsize             = 224
[LOG] SystemI::createSoundInternal             : exinfo->length             = 951136
[LOG] SystemI::createSoundInternal             : exinfo->fileoffset         = 88864
[LOG] SystemI::createSoundInternal             : exinfo->numsubsounds       = 1
[LOG] SystemI::createSoundInternal             : exinfo->inclusionlist      = 000000B67396ED98
[LOG] SystemI::createSoundInternal             : exinfo->inclusionlistnum   = 1
[LOG] SystemI::createSoundInternal             : exinfo->suggestedsoundtype = 5
[LOG] SystemI::createSoundInternal             : exinfo->useropen           = 00007FFE641A5B90
[LOG] SystemI::createSoundInternal             : exinfo->userclose          = 00007FFE641A5B50
[LOG] SystemI::createSoundInternal             : exinfo->userread           = 00007FFE641A5C70
[LOG] SystemI::createSoundInternal             : exinfo->userseek           = 00007FFE641A5D30
[LOG] SystemI::createSoundInternal             : exinfo->fileuserdata       = 0000024D0D881B98
[LOG] SystemI::createSoundInternal             : exinfo->initialseekpostype = 1
[LOG] SystemI::DSPCodecPoolRegister            : register codec pool for pool type 5
[LOG] SystemI::createSoundInternal             : Sample 0/1: name='Boite_Crayon_Bois_V6', format=5, channels=2, frequency=48000, lengthbytes=4000, lengthpcm=66455, pcmblocksize=0, loopstart=0, loopend=0, mode=0x00000000, channelmask=0x00000000, channelorder=0, peakvolume=0.857544.
[LOG] SystemI::createSoundInternal             : Create name='', mode=0x02000202
[LOG] SystemI::createSoundInternal             : exinfo->cbsize             = 224
[LOG] SystemI::createSoundInternal             : exinfo->length             = 951136
[LOG] SystemI::createSoundInternal             : exinfo->fileoffset         = 88864
[LOG] SystemI::createSoundInternal             : exinfo->numsubsounds       = 1
[LOG] SystemI::createSoundInternal             : exinfo->inclusionlist      = 000000B67396ED98
[LOG] SystemI::createSoundInternal             : exinfo->inclusionlistnum   = 1
[LOG] SystemI::createSoundInternal             : exinfo->suggestedsoundtype = 5
[LOG] SystemI::createSoundInternal             : exinfo->useropen           = 00007FFE641A5B90
[LOG] SystemI::createSoundInternal             : exinfo->userclose          = 00007FFE641A5B50
[LOG] SystemI::createSoundInternal             : exinfo->userread           = 00007FFE641A5C70
[LOG] SystemI::createSoundInternal             : exinfo->userseek           = 00007FFE641A5D30
[LOG] SystemI::createSoundInternal             : exinfo->fileuserdata       = 0000024D0D881B98
[LOG] SystemI::createSoundInternal             : exinfo->initialseekpostype = 1
[LOG] SystemI::DSPCodecPoolRegister            : register codec pool for pool type 5
[LOG] SystemI::createSoundInternal             : Sample 0/1: name='Livre_Bois_V1', format=5, channels=2, frequency=48000, lengthbytes=2976, lengthpcm=61440, pcmblocksize=0, loopstart=0, loopend=0, mode=0x00000000, channelmask=0x00000000, channelorder=0, peakvolume=0.559998.
[LOG] SystemI::createSoundInternal             : Create name='', mode=0x02000202
[LOG] SystemI::createSoundInternal             : exinfo->cbsize             = 224
[LOG] SystemI::createSoundInternal             : exinfo->length             = 951136
[LOG] SystemI::createSoundInternal             : exinfo->fileoffset         = 88864
[LOG] SystemI::createSoundInternal             : exinfo->numsubsounds       = 1
[LOG] SystemI::createSoundInternal             : exinfo->inclusionlist      = 000000B67396ED98
[LOG] SystemI::createSoundInternal             : exinfo->inclusionlistnum   = 1
[LOG] SystemI::createSoundInternal             : exinfo->suggestedsoundtype = 5
[LOG] SystemI::createSoundInternal             : exinfo->useropen           = 00007FFE641A5B90
[LOG] SystemI::createSoundInternal             : exinfo->userclose          = 00007FFE641A5B50
[LOG] SystemI::createSoundInternal             : exinfo->userread           = 00007FFE641A5C70
[LOG] SystemI::createSoundInternal             : exinfo->userseek           = 00007FFE641A5D30
[LOG] SystemI::createSoundInternal             : exinfo->fileuserdata       = 0000024D0D881B98
[LOG] SystemI::createSoundInternal             : exinfo->initialseekpostype = 1
[LOG] SystemI::DSPCodecPoolRegister            : register codec pool for pool type 5
[LOG] SystemI::createSoundInternal             : Sample 0/1: name='Stylo_Tapis_V5', format=5, channels=2, frequency=48000, lengthbytes=1184, lengthpcm=53916, pcmblocksize=0, loopstart=0, loopend=0, mode=0x00000000, channelmask=0x00000000, channelorder=0, peakvolume=0.115753.
[LOG] SystemI::createSoundInternal             : Create name='', mode=0x02000202
[LOG] SystemI::createSoundInternal             : exinfo->cbsize             = 224
[LOG] SystemI::createSoundInternal             : exinfo->length             = 951136
[LOG] SystemI::createSoundInternal             : exinfo->fileoffset         = 88864
[LOG] SystemI::createSoundInternal             : exinfo->numsubsounds       = 1
[LOG] SystemI::createSoundInternal             : exinfo->inclusionlist      = 000000B67396ED98
[LOG] SystemI::createSoundInternal             : exinfo->inclusionlistnum   = 1
[LOG] SystemI::createSoundInternal             : exinfo->suggestedsoundtype = 5
[LOG] SystemI::createSoundInternal             : exinfo->useropen           = 00007FFE641A5B90
[LOG] SystemI::createSoundInternal             : exinfo->userclose          = 00007FFE641A5B50
[LOG] SystemI::createSoundInternal             : exinfo->userread           = 00007FFE641A5C70
[LOG] SystemI::createSoundInternal             : exinfo->userseek           = 00007FFE641A5D30
[LOG] SystemI::createSoundInternal             : exinfo->fileuserdata       = 0000024D0D881B98
[LOG] SystemI::createSoundInternal             : exinfo->initialseekpostype = 1
[LOG] SystemI::DSPCodecPoolRegister            : register codec pool for pool type 5
[LOG] SystemI::createSoundInternal             : Sample 0/1: name='Stylo_Carrelage_V1', format=5, channels=2, frequency=48000, lengthbytes=4672, lengthpcm=68963, pcmblocksize=0, loopstart=0, loopend=0, mode=0x00000000, channelmask=0x00000000, channelorder=0, peakvolume=0.855438.
[LOG] SystemI::createSoundInternal             : Create name='', mode=0x02000202
[LOG] SystemI::createSoundInternal             : exinfo->cbsize             = 224
[LOG] SystemI::createSoundInternal             : exinfo->length             = 951136
[LOG] SystemI::createSoundInternal             : exinfo->fileoffset         = 88864
[LOG] SystemI::createSoundInternal             : exinfo->numsubsounds       = 1
[LOG] SystemI::createSoundInternal             : exinfo->inclusionlist      = 000000B67396ED98
[LOG] SystemI::createSoundInternal             : exinfo->inclusionlistnum   = 1
[LOG] SystemI::createSoundInternal             : exinfo->suggestedsoundtype = 5
[LOG] SystemI::createSoundInternal             : exinfo->useropen           = 00007FFE641A5B90
[LOG] SystemI::createSoundInternal             : exinfo->userclose          = 00007FFE641A5B50
[LOG] SystemI::createSoundInternal             : exinfo->userread           = 00007FFE641A5C70
[LOG] SystemI::createSoundInternal             : exinfo->userseek           = 00007FFE641A5D30
[LOG] SystemI::createSoundInternal             : exinfo->fileuserdata       = 0000024D0D881B98
[LOG] SystemI::createSoundInternal             : exinfo->initialseekpostype = 1
[LOG] SystemI::DSPCodecPoolRegister            : register codec pool for pool type 5
[LOG] SystemI::createSoundInternal             : Sample 0/1: name='Livre_Carrelage_V1', format=5, channels=2, frequency=48000, lengthbytes=4576, lengthpcm=68963, pcmblocksize=0, loopstart=0, loopend=0, mode=0x00000000, channelmask=0x00000000, channelorder=0, peakvolume=0.755737.
[LOG] SystemI::createSoundInternal             : Create name='', mode=0x02000202
[LOG] SystemI::createSoundInternal             : exinfo->cbsize             = 224
[LOG] SystemI::createSoundInternal             : exinfo->length             = 951136
[LOG] SystemI::createSoundInternal             : exinfo->fileoffset         = 88864
[LOG] SystemI::createSoundInternal             : exinfo->numsubsounds       = 1
[LOG] SystemI::createSoundInternal             : exinfo->inclusionlist      = 000000B67396ED98
[LOG] SystemI::createSoundInternal             : exinfo->inclusionlistnum   = 1
[LOG] SystemI::createSoundInternal             : exinfo->suggestedsoundtype = 5
[LOG] SystemI::createSoundInternal             : exinfo->useropen           = 00007FFE641A5B90
[LOG] SystemI::createSoundInternal             : exinfo->userclose          = 00007FFE641A5B50
[LOG] SystemI::createSoundInternal             : exinfo->userread           = 00007FFE641A5C70
[LOG] SystemI::createSoundInternal             : exinfo->userseek           = 00007FFE641A5D30
[LOG] SystemI::createSoundInternal             : exinfo->fileuserdata       = 0000024D0D881B98
[LOG] SystemI::createSoundInternal             : exinfo->initialseekpostype = 1
[LOG] SystemI::DSPCodecPoolRegister            : register codec pool for pool type 5
[LOG] SystemI::createSoundInternal             : Sample 0/1: name='Boite_Crayon_Tapis_V3', format=5, channels=2, frequency=48000, lengthbytes=13792, lengthpcm=110341, pcmblocksize=0, loopstart=0, loopend=0, mode=0x00000000, channelmask=0x00000000, channelorder=0, peakvolume=0.810577.
[LOG] SystemI::createSoundInternal             : Create name='', mode=0x02000202
[LOG] SystemI::createSoundInternal             : exinfo->cbsize             = 224
[LOG] SystemI::createSoundInternal             : exinfo->length             = 951136
[LOG] SystemI::createSoundInternal             : exinfo->fileoffset         = 88864
[LOG] SystemI::createSoundInternal             : exinfo->numsubsounds       = 1
[LOG] SystemI::createSoundInternal             : exinfo->inclusionlist      = 000000B67396ED98
[LOG] SystemI::createSoundInternal             : exinfo->inclusionlistnum   = 1
[LOG] SystemI::createSoundInternal             : exinfo->suggestedsoundtype = 5
[LOG] SystemI::createSoundInternal             : exinfo->useropen           = 00007FFE641A5B90
[LOG] SystemI::createSoundInternal             : exinfo->userclose          = 00007FFE641A5B50
[LOG] SystemI::createSoundInternal             : exinfo->userread           = 00007FFE641A5C70
[LOG] SystemI::createSoundInternal             : exinfo->userseek           = 00007FFE641A5D30
[LOG] SystemI::createSoundInternal             : exinfo->fileuserdata       = 0000024D0D881B98
[LOG] SystemI::createSoundInternal             : exinfo->initialseekpostype = 1
[LOG] SystemI::DSPCodecPoolRegister            : register codec pool for pool type 5
[LOG] SystemI::createSoundInternal             : Sample 0/1: name='Boite_Crayon_Carrelage_V4', format=5, channels=2, frequency=48000, lengthbytes=4448, lengthpcm=68963, pcmblocksize=0, loopstart=0, loopend=0, mode=0x00000000, channelmask=0x00000000, channelorder=0, peakvolume=0.841675.
[LOG] SystemI::createSoundInternal             : Create name='', mode=0x02000202
[LOG] SystemI::createSoundInternal             : exinfo->cbsize             = 224
[LOG] SystemI::createSoundInternal             : exinfo->length             = 951136
[LOG] SystemI::createSoundInternal             : exinfo->fileoffset         = 88864
[LOG] SystemI::createSoundInternal             : exinfo->numsubsounds       = 1
[LOG] SystemI::createSoundInternal             : exinfo->inclusionlist      = 000000B67396ED98
[LOG] SystemI::createSoundInternal             : exinfo->inclusionlistnum   = 1
[LOG] SystemI::createSoundInternal             : exinfo->suggestedsoundtype = 5
[LOG] SystemI::createSoundInternal             : exinfo->useropen           = 00007FFE641A5B90
[LOG] SystemI::createSoundInternal             : exinfo->userclose          = 00007FFE641A5B50
[LOG] SystemI::createSoundInternal             : exinfo->userread           = 00007FFE641A5C70
[LOG] SystemI::createSoundInternal             : exinfo->userseek           = 00007FFE641A5D30
[LOG] SystemI::createSoundInternal             : exinfo->fileuserdata       = 0000024D0D881B98
[LOG] SystemI::createSoundInternal             : exinfo->initialseekpostype = 1
[LOG] SystemI::DSPCodecPoolRegister            : register codec pool for pool type 5
[LOG] SystemI::createSoundInternal             : Sample 0/1: name='Stylo_Bois_V5', format=5, channels=2, frequency=48000, lengthbytes=6272, lengthpcm=71471, pcmblocksize=0, loopstart=0, loopend=0, mode=0x00000000, channelmask=0x00000000, channelorder=0, peakvolume=0.999969.
[LOG] SystemI::createSoundInternal             : Create name='', mode=0x02000202
[LOG] SystemI::createSoundInternal             : exinfo->cbsize             = 224
[LOG] SystemI::createSoundInternal             : exinfo->length             = 951136
[LOG] SystemI::createSoundInternal             : exinfo->fileoffset         = 88864
[LOG] SystemI::createSoundInternal             : exinfo->numsubsounds       = 1
[LOG] SystemI::createSoundInternal             : exinfo->inclusionlist      = 000000B67396ED98
[LOG] SystemI::createSoundInternal             : exinfo->inclusionlistnum   = 1
[LOG] SystemI::createSoundInternal             : exinfo->suggestedsoundtype = 5
[LOG] SystemI::createSoundInternal             : exinfo->useropen           = 00007FFE641A5B90
[LOG] SystemI::createSoundInternal             : exinfo->userclose          = 00007FFE641A5B50
[LOG] SystemI::createSoundInternal             : exinfo->userread           = 00007FFE641A5C70
[LOG] SystemI::createSoundInternal             : exinfo->userseek           = 00007FFE641A5D30
[LOG] SystemI::createSoundInternal             : exinfo->fileuserdata       = 0000024D0D881B98
[LOG] SystemI::createSoundInternal             : exinfo->initialseekpostype = 1
[LOG] SystemI::DSPCodecPoolRegister            : register codec pool for pool type 5
[LOG] SystemI::createSoundInternal             : Sample 0/1: name='Boite_Crayon_Carrelage_V1', format=5, channels=2, frequency=48000, lengthbytes=6208, lengthpcm=75232, pcmblocksize=0, loopstart=0, loopend=0, mode=0x00000000, channelmask=0x00000000, channelorder=0, peakvolume=0.824768.
[LOG] SystemI::createSoundInternal             : Create name='', mode=0x02000202
[LOG] SystemI::createSoundInternal             : exinfo->cbsize             = 224
[LOG] SystemI::createSoundInternal             : exinfo->length             = 951136
[LOG] SystemI::createSoundInternal             : exinfo->fileoffset         = 88864
[LOG] SystemI::createSoundInternal             : exinfo->numsubsounds       = 1
[LOG] SystemI::createSoundInternal             : exinfo->inclusionlist      = 000000B67396ED98
[LOG] SystemI::createSoundInternal             : exinfo->inclusionlistnum   = 1
[LOG] SystemI::createSoundInternal             : exinfo->suggestedsoundtype = 5
[LOG] SystemI::createSoundInternal             : exinfo->useropen           = 00007FFE641A5B90
[LOG] SystemI::createSoundInternal             : exinfo->userclose          = 00007FFE641A5B50
[LOG] SystemI::createSoundInternal             : exinfo->userread           = 00007FFE641A5C70
[LOG] SystemI::createSoundInternal             : exinfo->userseek           = 00007FFE641A5D30
[LOG] SystemI::createSoundInternal             : exinfo->fileuserdata       = 0000024D0D881B98
[LOG] SystemI::createSoundInternal             : exinfo->initialseekpostype = 1
[LOG] SystemI::DSPCodecPoolRegister            : register codec pool for pool type 5
[LOG] SystemI::createSoundInternal             : Sample 0/1: name='Boite_Crayon_Bois_V4', format=5, channels=2, frequency=48000, lengthbytes=5536, lengthpcm=70217, pcmblocksize=0, loopstart=0, loopend=0, mode=0x00000000, channelmask=0x00000000, channelorder=0, peakvolume=0.500641.
[LOG] SystemI::createSoundInternal             : Create name='', mode=0x02000202
[LOG] SystemI::createSoundInternal             : exinfo->cbsize             = 224
[LOG] SystemI::createSoundInternal             : exinfo->length             = 951136
[LOG] SystemI::createSoundInternal             : exinfo->fileoffset         = 88864
[LOG] SystemI::createSoundInternal             : exinfo->numsubsounds       = 1
[LOG] SystemI::createSoundInternal             : exinfo->inclusionlist      = 000000B67396ED98
[LOG] SystemI::createSoundInternal             : exinfo->inclusionlistnum   = 1
[LOG] SystemI::createSoundInternal             : exinfo->suggestedsoundtype = 5
[LOG] SystemI::createSoundInternal             : exinfo->useropen           = 00007FFE641A5B90
[LOG] SystemI::createSoundInternal             : exinfo->userclose          = 00007FFE641A5B50
[LOG] SystemI::createSoundInternal             : exinfo->userread           = 00007FFE641A5C70
[LOG] SystemI::createSoundInternal             : exinfo->userseek           = 00007FFE641A5D30
[LOG] SystemI::createSoundInternal             : exinfo->fileuserdata       = 0000024D0D881B98
[LOG] SystemI::createSoundInternal             : exinfo->initialseekpostype = 1
[LOG] SystemI::DSPCodecPoolRegister            : register codec pool for pool type 5
[LOG] SystemI::createSoundInternal             : Sample 0/1: name='Livre_Carrelage_V2', format=5, channels=2, frequency=48000, lengthbytes=4064, lengthpcm=68963, pcmblocksize=0, loopstart=0, loopend=0, mode=0x00000000, channelmask=0x00000000, channelorder=0, peakvolume=0.392273.
[LOG] SystemI::createSoundInternal             : Create name='', mode=0x02000202
[LOG] SystemI::createSoundInternal             : exinfo->cbsize             = 224
[LOG] SystemI::createSoundInternal             : exinfo->length             = 951136
[LOG] SystemI::createSoundInternal             : exinfo->fileoffset         = 88864
[LOG] SystemI::createSoundInternal             : exinfo->numsubsounds       = 1
[LOG] SystemI::createSoundInternal             : exinfo->inclusionlist      = 000000B67396ED98
[LOG] SystemI::createSoundInternal             : exinfo->inclusionlistnum   = 1
[LOG] SystemI::createSoundInternal             : exinfo->suggestedsoundtype = 5
[LOG] SystemI::createSoundInternal             : exinfo->useropen           = 00007FFE641A5B90
[LOG] SystemI::createSoundInternal             : exinfo->userclose          = 00007FFE641A5B50
[LOG] SystemI::createSoundInternal             : exinfo->userread           = 00007FFE641A5C70
[LOG] SystemI::createSoundInternal             : exinfo->userseek           = 00007FFE641A5D30
[LOG] SystemI::createSoundInternal             : exinfo->fileuserdata       = 0000024D0D881B98
[LOG] SystemI::createSoundInternal             : exinfo->initialseekpostype = 1
[LOG] SystemI::DSPCodecPoolRegister            : register codec pool for pool type 5
[LOG] SystemI::createSoundInternal             : Sample 0/1: name='Brosse_a_dents_Bois_V2', format=5, channels=2, frequency=48000, lengthbytes=4032, lengthpcm=63947, pcmblocksize=0, loopstart=0, loopend=0, mode=0x00000000, channelmask=0x00000000, channelorder=0, peakvolume=0.999969.
[LOG] SystemI::createSoundInternal             : Create name='', mode=0x02000202
[LOG] SystemI::createSoundInternal             : exinfo->cbsize             = 224
[LOG] SystemI::createSoundInternal             : exinfo->length             = 951136
[LOG] SystemI::createSoundInternal             : exinfo->fileoffset         = 88864
[LOG] SystemI::createSoundInternal             : exinfo->numsubsounds       = 1
[LOG] SystemI::createSoundInternal             : exinfo->inclusionlist      = 000000B67396ED98
[LOG] SystemI::createSoundInternal             : exinfo->inclusionlistnum   = 1
[LOG] SystemI::createSoundInternal             : exinfo->suggestedsoundtype = 5
[LOG] SystemI::createSoundInternal             : exinfo->useropen           = 00007FFE641A5B90
[LOG] SystemI::createSoundInternal             : exinfo->userclose          = 00007FFE641A5B50
[LOG] SystemI::createSoundInternal             : exinfo->userread           = 00007FFE641A5C70
[LOG] SystemI::createSoundInternal             : exinfo->userseek           = 00007FFE641A5D30
[LOG] SystemI::createSoundInternal             : exinfo->fileuserdata       = 0000024D0D881B98
[LOG] SystemI::createSoundInternal             : exinfo->initialseekpostype = 1
[LOG] SystemI::DSPCodecPoolRegister            : register codec pool for pool type 5
[LOG] SystemI::createSoundInternal             : Sample 0/1: name='Stylo_Carrelage_V5', format=5, channels=2, frequency=48000, lengthbytes=5664, lengthpcm=70217, pcmblocksize=0, loopstart=0, loopend=0, mode=0x00000000, channelmask=0x00000000, channelorder=0, peakvolume=0.903992.
[LOG] SystemI::createSoundInternal             : Create name='', mode=0x02000202
[LOG] SystemI::createSoundInternal             : exinfo->cbsize             = 224
[LOG] SystemI::createSoundInternal             : exinfo->length             = 951136
[LOG] SystemI::createSoundInternal             : exinfo->fileoffset         = 88864
[LOG] SystemI::createSoundInternal             : exinfo->numsubsounds       = 1
[LOG] SystemI::createSoundInternal             : exinfo->inclusionlist      = 000000B67396ED98
[LOG] SystemI::createSoundInternal             : exinfo->inclusionlistnum   = 1
[LOG] SystemI::createSoundInternal             : exinfo->suggestedsoundtype = 5
[LOG] SystemI::createSoundInternal             : exinfo->useropen           = 00007FFE641A5B90
[LOG] SystemI::createSoundInternal             : exinfo->userclose          = 00007FFE641A5B50
[LOG] SystemI::createSoundInternal             : exinfo->userread           = 00007FFE641A5C70
[LOG] SystemI::createSoundInternal             : exinfo->userseek           = 00007FFE641A5D30
[LOG] SystemI::createSoundInternal             : exinfo->fileuserdata       = 0000024D0D881B98
[LOG] SystemI::createSoundInternal             : exinfo->initialseekpostype = 1
[LOG] SystemI::DSPCodecPoolRegister            : register codec pool for pool type 5
[LOG] SystemI::createSoundInternal             : Sample 0/1: name='Stylo_Tapis_V1', format=5, channels=2, frequency=48000, lengthbytes=4064, lengthpcm=67709, pcmblocksize=0, loopstart=0, loopend=0, mode=0x00000000, channelmask=0x00000000, channelorder=0, peakvolume=0.092194.
[LOG] SystemI::createSoundInternal             : Create name='', mode=0x02000202
[LOG] SystemI::createSoundInternal             : exinfo->cbsize             = 224
[LOG] SystemI::createSoundInternal             : exinfo->length             = 951136
[LOG] SystemI::createSoundInternal             : exinfo->fileoffset         = 88864
[LOG] SystemI::createSoundInternal             : exinfo->numsubsounds       = 1
[LOG] SystemI::createSoundInternal             : exinfo->inclusionlist      = 000000B67396ED98
[LOG] SystemI::createSoundInternal             : exinfo->inclusionlistnum   = 1
[LOG] SystemI::createSoundInternal             : exinfo->suggestedsoundtype = 5
[LOG] SystemI::createSoundInternal             : exinfo->useropen           = 00007FFE641A5B90
[LOG] SystemI::createSoundInternal             : exinfo->userclose          = 00007FFE641A5B50
[LOG] SystemI::createSoundInternal             : exinfo->userread           = 00007FFE641A5C70
[LOG] SystemI::createSoundInternal             : exinfo->userseek           = 00007FFE641A5D30
[LOG] SystemI::createSoundInternal             : exinfo->fileuserdata       = 0000024D0D881B98
[LOG] SystemI::createSoundInternal             : exinfo->initialseekpostype = 1
[LOG] SystemI::DSPCodecPoolRegister            : register codec pool for pool type 5
[LOG] SystemI::createSoundInternal             : Sample 0/1: name='Stylo_Bois_V1', format=5, channels=2, frequency=48000, lengthbytes=2880, lengthpcm=60186, pcmblocksize=0, loopstart=0, loopend=0, mode=0x00000000, channelmask=0x00000000, channelorder=0, peakvolume=0.757050.
[LOG] SystemI::createSoundInternal             : Create name='', mode=0x02000202
[LOG] SystemI::createSoundInternal             : exinfo->cbsize             = 224
[LOG] SystemI::createSoundInternal             : exinfo->length             = 951136
[LOG] SystemI::createSoundInternal             : exinfo->fileoffset         = 88864
[LOG] SystemI::createSoundInternal             : exinfo->numsubsounds       = 1
[LOG] SystemI::createSoundInternal             : exinfo->inclusionlist      = 000000B67396ED98
[LOG] SystemI::createSoundInternal             : exinfo->inclusionlistnum   = 1
[LOG] SystemI::createSoundInternal             : exinfo->suggestedsoundtype = 5
[LOG] SystemI::createSoundInternal             : exinfo->useropen           = 00007FFE641A5B90
[LOG] SystemI::createSoundInternal             : exinfo->userclose          = 00007FFE641A5B50
[LOG] SystemI::createSoundInternal             : exinfo->userread           = 00007FFE641A5C70
[LOG] SystemI::createSoundInternal             : exinfo->userseek           = 00007FFE641A5D30
[LOG] SystemI::createSoundInternal             : exinfo->fileuserdata       = 0000024D0D881B98
[LOG] SystemI::createSoundInternal             : exinfo->initialseekpostype = 1
[LOG] SystemI::DSPCodecPoolRegister            : register codec pool for pool type 5
[LOG] SystemI::createSoundInternal             : Sample 0/1: name='Boite_Crayon_Bois_V1', format=5, channels=2, frequency=48000, lengthbytes=3552, lengthpcm=63947, pcmblocksize=0, loopstart=0, loopend=0, mode=0x00000000, channelmask=0x00000000, channelorder=0, peakvolume=0.426331.
[LOG] SystemI::createSoundInternal             : Create name='', mode=0x02000202
[LOG] SystemI::createSoundInternal             : exinfo->cbsize             = 224
[LOG] SystemI::createSoundInternal             : exinfo->length             = 951136
[LOG] SystemI::createSoundInternal             : exinfo->fileoffset         = 88864
[LOG] SystemI::createSoundInternal             : exinfo->numsubsounds       = 1
[LOG] SystemI::createSoundInternal             : exinfo->inclusionlist      = 000000B67396ED98
[LOG] SystemI::createSoundInternal             : exinfo->inclusionlistnum   = 1
[LOG] SystemI::createSoundInternal             : exinfo->suggestedsoundtype = 5
[LOG] SystemI::createSoundInternal             : exinfo->useropen           = 00007FFE641A5B90
[LOG] SystemI::createSoundInternal             : exinfo->userclose          = 00007FFE641A5B50
[LOG] SystemI::createSoundInternal             : exinfo->userread           = 00007FFE641A5C70
[LOG] SystemI::createSoundInternal             : exinfo->userseek           = 00007FFE641A5D30
[LOG] SystemI::createSoundInternal             : exinfo->fileuserdata       = 0000024D0D881B98
[LOG] SystemI::createSoundInternal             : exinfo->initialseekpostype = 1
[LOG] SystemI::DSPCodecPoolRegister            : register codec pool for pool type 5
[LOG] SystemI::createSoundInternal             : Sample 0/1: name='Stylo_Bois_V7', format=5, channels=2, frequency=48000, lengthbytes=5792, lengthpcm=73978, pcmblocksize=0, loopstart=0, loopend=0, mode=0x00000000, channelmask=0x00000000, channelorder=0, peakvolume=0.643158.
[LOG] SystemI::createSoundInternal             : Create name='', mode=0x02000202
[LOG] SystemI::createSoundInternal             : exinfo->cbsize             = 224
[LOG] SystemI::createSoundInternal             : exinfo->length             = 951136
[LOG] SystemI::createSoundInternal             : exinfo->fileoffset         = 88864
[LOG] SystemI::createSoundInternal             : exinfo->numsubsounds       = 1
[LOG] SystemI::createSoundInternal             : exinfo->inclusionlist      = 000000B67396ED98
[LOG] SystemI::createSoundInternal             : exinfo->inclusionlistnum   = 1
[LOG] SystemI::createSoundInternal             : exinfo->suggestedsoundtype = 5
[LOG] SystemI::createSoundInternal             : exinfo->useropen           = 00007FFE641A5B90
[LOG] SystemI::createSoundInternal             : exinfo->userclose          = 00007FFE641A5B50
[LOG] SystemI::createSoundInternal             : exinfo->userread           = 00007FFE641A5C70
[LOG] SystemI::createSoundInternal             : exinfo->userseek           = 00007FFE641A5D30
[LOG] SystemI::createSoundInternal             : exinfo->fileuserdata       = 0000024D0D881B98
[LOG] SystemI::createSoundInternal             : exinfo->initialseekpostype = 1
[LOG] SystemI::DSPCodecPoolRegister            : register codec pool for pool type 5
[LOG] SystemI::createSoundInternal             : Sample 0/1: name='Livre_Tapis_V1', format=5, channels=2, frequency=48000, lengthbytes=2432, lengthpcm=58932, pcmblocksize=0, loopstart=0, loopend=0, mode=0x00000000, channelmask=0x00000000, channelorder=0, peakvolume=0.123749.
[LOG] SystemI::createSoundInternal             : Create name='', mode=0x02000202
[LOG] SystemI::createSoundInternal             : exinfo->cbsize             = 224
[LOG] SystemI::createSoundInternal             : exinfo->length             = 951136
[LOG] SystemI::createSoundInternal             : exinfo->fileoffset         = 88864
[LOG] SystemI::createSoundInternal             : exinfo->numsubsounds       = 1
[LOG] SystemI::createSoundInternal             : exinfo->inclusionlist      = 000000B67396ED98
[LOG] SystemI::createSoundInternal             : exinfo->inclusionlistnum   = 1
[LOG] SystemI::createSoundInternal             : exinfo->suggestedsoundtype = 5
[LOG] SystemI::createSoundInternal             : exinfo->useropen           = 00007FFE641A5B90
[LOG] SystemI::createSoundInternal             : exinfo->userclose          = 00007FFE641A5B50
[LOG] SystemI::createSoundInternal             : exinfo->userread           = 00007FFE641A5C70
[LOG] SystemI::createSoundInternal             : exinfo->userseek           = 00007FFE641A5D30
[LOG] SystemI::createSoundInternal             : exinfo->fileuserdata       = 0000024D0D881B98
[LOG] SystemI::createSoundInternal             : exinfo->initialseekpostype = 1
[LOG] SystemI::DSPCodecPoolRegister            : register codec pool for pool type 5
[LOG] SystemI::createSoundInternal             : Sample 0/1: name='Stylo_Carrelage_V2', format=5, channels=2, frequency=48000, lengthbytes=3776, lengthpcm=63947, pcmblocksize=0, loopstart=0, loopend=0, mode=0x00000000, channelmask=0x00000000, channelorder=0, peakvolume=0.918365.
[LOG] SystemI::createSoundInternal             : Create name='', mode=0x02000202
[LOG] SystemI::createSoundInternal             : exinfo->cbsize             = 224
[LOG] SystemI::createSoundInternal             : exinfo->length             = 951136
[LOG] SystemI::createSoundInternal             : exinfo->fileoffset         = 88864
[LOG] SystemI::createSoundInternal             : exinfo->numsubsounds       = 1
[LOG] SystemI::createSoundInternal             : exinfo->inclusionlist      = 000000B67396ED98
[LOG] SystemI::createSoundInternal             : exinfo->inclusionlistnum   = 1
[LOG] SystemI::createSoundInternal             : exinfo->suggestedsoundtype = 5
[LOG] SystemI::createSoundInternal             : exinfo->useropen           = 00007FFE641A5B90
[LOG] SystemI::createSoundInternal             : exinfo->userclose          = 00007FFE641A5B50
[LOG] SystemI::createSoundInternal             : exinfo->userread           = 00007FFE641A5C70
[LOG] SystemI::createSoundInternal             : exinfo->userseek           = 00007FFE641A5D30
[LOG] SystemI::createSoundInternal             : exinfo->fileuserdata       = 0000024D0D881B98
[LOG] SystemI::createSoundInternal             : exinfo->initialseekpostype = 1
[LOG] SystemI::DSPCodecPoolRegister            : register codec pool for pool type 5
[LOG] SystemI::createSoundInternal             : Sample 0/1: name='Boite_Crayon_Bois_V3', format=5, channels=2, frequency=48000, lengthbytes=5792, lengthpcm=72724, pcmblocksize=0, loopstart=0, loopend=0, mode=0x00000000, channelmask=0x00000000, channelorder=0, peakvolume=0.986633.
[LOG] SystemI::createSoundInternal             : Create name='', mode=0x02000202
[LOG] SystemI::createSoundInternal             : exinfo->cbsize             = 224
[LOG] SystemI::createSoundInternal             : exinfo->length             = 951136
[LOG] SystemI::createSoundInternal             : exinfo->fileoffset         = 88864
[LOG] SystemI::createSoundInternal             : exinfo->numsubsounds       = 1
[LOG] SystemI::createSoundInternal             : exinfo->inclusionlist      = 000000B67396ED98
[LOG] SystemI::createSoundInternal             : exinfo->inclusionlistnum   = 1
[LOG] SystemI::createSoundInternal             : exinfo->suggestedsoundtype = 5
[LOG] SystemI::createSoundInternal             : exinfo->useropen           = 00007FFE641A5B90
[LOG] SystemI::createSoundInternal             : exinfo->userclose          = 00007FFE641A5B50
[LOG] SystemI::createSoundInternal             : exinfo->userread           = 00007FFE641A5C70
[LOG] SystemI::createSoundInternal             : exinfo->userseek           = 00007FFE641A5D30
[LOG] SystemI::createSoundInternal             : exinfo->fileuserdata       = 0000024D0D881B98
[LOG] SystemI::createSoundInternal             : exinfo->initialseekpostype = 1
[LOG] SystemI::DSPCodecPoolRegister            : register codec pool for pool type 5
[LOG] SystemI::createSoundInternal             : Sample 0/1: name='Brosse_a_dents_Bois_V5', format=5, channels=2, frequency=48000, lengthbytes=4384, lengthpcm=65201, pcmblocksize=0, loopstart=0, loopend=0, mode=0x00000000, channelmask=0x00000000, channelorder=0, peakvolume=0.999969.
[LOG] SystemI::createSoundInternal             : Create name='', mode=0x02000202
[LOG] SystemI::createSoundInternal             : exinfo->cbsize             = 224
[LOG] SystemI::createSoundInternal             : exinfo->length             = 951136
[LOG] SystemI::createSoundInternal             : exinfo->fileoffset         = 88864
[LOG] SystemI::createSoundInternal             : exinfo->numsubsounds       = 1
[LOG] SystemI::createSoundInternal             : exinfo->inclusionlist      = 000000B67396ED98
[LOG] SystemI::createSoundInternal             : exinfo->inclusionlistnum   = 1
[LOG] SystemI::createSoundInternal             : exinfo->suggestedsoundtype = 5
[LOG] SystemI::createSoundInternal             : exinfo->useropen           = 00007FFE641A5B90
[LOG] SystemI::createSoundInternal             : exinfo->userclose          = 00007FFE641A5B50
[LOG] SystemI::createSoundInternal             : exinfo->userread           = 00007FFE641A5C70
[LOG] SystemI::createSoundInternal             : exinfo->userseek           = 00007FFE641A5D30
[LOG] SystemI::createSoundInternal             : exinfo->fileuserdata       = 0000024D0D881B98
[LOG] SystemI::createSoundInternal             : exinfo->initialseekpostype = 1
[LOG] SystemI::DSPCodecPoolRegister            : register codec pool for pool type 5
[LOG] SystemI::createSoundInternal             : Sample 0/1: name='Stylo_Tapis_V4', format=5, channels=2, frequency=48000, lengthbytes=1216, lengthpcm=53916, pcmblocksize=0, loopstart=0, loopend=0, mode=0x00000000, channelmask=0x00000000, channelorder=0, peakvolume=0.197906.
[LOG] SystemI::createSoundInternal             : Create name='', mode=0x02000202
[LOG] SystemI::createSoundInternal             : exinfo->cbsize             = 224
[LOG] SystemI::createSoundInternal             : exinfo->length             = 951136
[LOG] SystemI::createSoundInternal             : exinfo->fileoffset         = 88864
[LOG] SystemI::createSoundInternal             : exinfo->numsubsounds       = 1
[LOG] SystemI::createSoundInternal             : exinfo->inclusionlist      = 000000B67396ED98
[LOG] SystemI::createSoundInternal             : exinfo->inclusionlistnum   = 1
[LOG] SystemI::createSoundInternal             : exinfo->suggestedsoundtype = 5
[LOG] SystemI::createSoundInternal             : exinfo->useropen           = 00007FFE641A5B90
[LOG] SystemI::createSoundInternal             : exinfo->userclose          = 00007FFE641A5B50
[LOG] SystemI::createSoundInternal             : exinfo->userread           = 00007FFE641A5C70
[LOG] SystemI::createSoundInternal             : exinfo->userseek           = 00007FFE641A5D30
[LOG] SystemI::createSoundInternal             : exinfo->fileuserdata       = 0000024D0D881B98
[LOG] SystemI::createSoundInternal             : exinfo->initialseekpostype = 1
[LOG] SystemI::DSPCodecPoolRegister            : register codec pool for pool type 5
[LOG] SystemI::createSoundInternal             : Sample 0/1: name='Brosse_a_dents_Carrelage_V4', format=5, channels=2, frequency=48000, lengthbytes=6784, lengthpcm=76486, pcmblocksize=0, loopstart=0, loopend=0, mode=0x00000000, channelmask=0x00000000, channelorder=0, peakvolume=0.919800.
[LOG] SystemI::createSoundInternal             : Create name='', mode=0x02000202
[LOG] SystemI::createSoundInternal             : exinfo->cbsize             = 224
[LOG] SystemI::createSoundInternal             : exinfo->length             = 951136
[LOG] SystemI::createSoundInternal             : exinfo->fileoffset         = 88864
[LOG] SystemI::createSoundInternal             : exinfo->numsubsounds       = 1
[LOG] SystemI::createSoundInternal             : exinfo->inclusionlist      = 000000B67396ED98
[LOG] SystemI::createSoundInternal             : exinfo->inclusionlistnum   = 1
[LOG] SystemI::createSoundInternal             : exinfo->suggestedsoundtype = 5
[LOG] SystemI::createSoundInternal             : exinfo->useropen           = 00007FFE641A5B90
[LOG] SystemI::createSoundInternal             : exinfo->userclose          = 00007FFE641A5B50
[LOG] SystemI::createSoundInternal             : exinfo->userread           = 00007FFE641A5C70
[LOG] SystemI::createSoundInternal             : exinfo->userseek           = 00007FFE641A5D30
[LOG] SystemI::createSoundInternal             : exinfo->fileuserdata       = 0000024D0D881B98
[LOG] SystemI::createSoundInternal             : exinfo->initialseekpostype = 1
[LOG] SystemI::DSPCodecPoolRegister            : register codec pool for pool type 5
[LOG] SystemI::createSoundInternal             : Sample 0/1: name='Boite_Crayon_Tapis_V2', format=5, channels=2, frequency=48000, lengthbytes=4352, lengthpcm=67709, pcmblocksize=0, loopstart=0, loopend=0, mode=0x00000000, channelmask=0x00000000, channelorder=0, peakvolume=0.628937.
[LOG] SystemI::createSoundInternal             : Create name='', mode=0x02000202
[LOG] SystemI::createSoundInternal             : exinfo->cbsize             = 224
[LOG] SystemI::createSoundInternal             : exinfo->length             = 951136
[LOG] SystemI::createSoundInternal             : exinfo->fileoffset         = 88864
[LOG] SystemI::createSoundInternal             : exinfo->numsubsounds       = 1
[LOG] SystemI::createSoundInternal             : exinfo->inclusionlist      = 000000B67396ED98
[LOG] SystemI::createSoundInternal             : exinfo->inclusionlistnum   = 1
[LOG] SystemI::createSoundInternal             : exinfo->suggestedsoundtype = 5
[LOG] SystemI::createSoundInternal             : exinfo->useropen           = 00007FFE641A5B90
[LOG] SystemI::createSoundInternal             : exinfo->userclose          = 00007FFE641A5B50
[LOG] SystemI::createSoundInternal             : exinfo->userread           = 00007FFE641A5C70
[LOG] SystemI::createSoundInternal             : exinfo->userseek           = 00007FFE641A5D30
[LOG] SystemI::createSoundInternal             : exinfo->fileuserdata       = 0000024D0D881B98
[LOG] SystemI::createSoundInternal             : exinfo->initialseekpostype = 1
[LOG] SystemI::DSPCodecPoolRegister            : register codec pool for pool type 5
[LOG] SystemI::createSoundInternal             : Sample 0/1: name='Brosse_a_dents_Carrelage_V1', format=5, channels=2, frequency=48000, lengthbytes=3712, lengthpcm=63947, pcmblocksize=0, loopstart=0, loopend=0, mode=0x00000000, channelmask=0x00000000, channelorder=0, peakvolume=0.971558.
[LOG] SystemI::createSoundInternal             : Create name='', mode=0x02000202
[LOG] SystemI::createSoundInternal             : exinfo->cbsize             = 224
[LOG] SystemI::createSoundInternal             : exinfo->length             = 951136
[LOG] SystemI::createSoundInternal             : exinfo->fileoffset         = 88864
[LOG] SystemI::createSoundInternal             : exinfo->numsubsounds       = 1
[LOG] SystemI::createSoundInternal             : exinfo->inclusionlist      = 000000B67396ED98
[LOG] SystemI::createSoundInternal             : exinfo->inclusionlistnum   = 1
[LOG] SystemI::createSoundInternal             : exinfo->suggestedsoundtype = 5
[LOG] SystemI::createSoundInternal             : exinfo->useropen           = 00007FFE641A5B90
[LOG] SystemI::createSoundInternal             : exinfo->userclose          = 00007FFE641A5B50
[LOG] SystemI::createSoundInternal             : exinfo->userread           = 00007FFE641A5C70
[LOG] SystemI::createSoundInternal             : exinfo->userseek           = 00007FFE641A5D30
[LOG] SystemI::createSoundInternal             : exinfo->fileuserdata       = 0000024D0D881B98
[LOG] SystemI::createSoundInternal             : exinfo->initialseekpostype = 1
[LOG] SystemI::DSPCodecPoolRegister            : register codec pool for pool type 5
[LOG] SystemI::createSoundInternal             : Sample 0/1: name='Livre_Tapis_V2', format=5, channels=2, frequency=48000, lengthbytes=2656, lengthpcm=60186, pcmblocksize=0, loopstart=0, loopend=0, mode=0x00000000, channelmask=0x00000000, channelorder=0, peakvolume=0.559601.
[LOG] SystemI::createSoundInternal             : Create name='', mode=0x02000202
[LOG] SystemI::createSoundInternal             : exinfo->cbsize             = 224
[LOG] SystemI::createSoundInternal             : exinfo->length             = 951136
[LOG] SystemI::createSoundInternal             : exinfo->fileoffset         = 88864
[LOG] SystemI::createSoundInternal             : exinfo->numsubsounds       = 1
[LOG] SystemI::createSoundInternal             : exinfo->inclusionlist      = 000000B67396ED98
[LOG] SystemI::createSoundInternal             : exinfo->inclusionlistnum   = 1
[LOG] SystemI::createSoundInternal             : exinfo->suggestedsoundtype = 5
[LOG] SystemI::createSoundInternal             : exinfo->useropen           = 00007FFE641A5B90
[LOG] SystemI::createSoundInternal             : exinfo->userclose          = 00007FFE641A5B50
[LOG] SystemI::createSoundInternal             : exinfo->userread           = 00007FFE641A5C70
[LOG] SystemI::createSoundInternal             : exinfo->userseek           = 00007FFE641A5D30
[LOG] SystemI::createSoundInternal             : exinfo->fileuserdata       = 0000024D0D881B98
[LOG] SystemI::createSoundInternal             : exinfo->initialseekpostype = 1
[LOG] SystemI::DSPCodecPoolRegister            : register codec pool for pool type 5
[LOG] SystemI::createSoundInternal             : Sample 0/1: name='Brosse_a_dents_Tapis_V6', format=5, channels=2, frequency=48000, lengthbytes=1728, lengthpcm=57678, pcmblocksize=0, loopstart=0, loopend=0, mode=0x00000000, channelmask=0x00000000, channelorder=0, peakvolume=0.272858.
[LOG] SystemI::createSoundInternal             : Create name='', mode=0x02000202
[LOG] SystemI::createSoundInternal             : exinfo->cbsize             = 224
[LOG] SystemI::createSoundInternal             : exinfo->length             = 951136
[LOG] SystemI::createSoundInternal             : exinfo->fileoffset         = 88864
[LOG] SystemI::createSoundInternal             : exinfo->numsubsounds       = 1
[LOG] SystemI::createSoundInternal             : exinfo->inclusionlist      = 000000B67396ED98
[LOG] SystemI::createSoundInternal             : exinfo->inclusionlistnum   = 1
[LOG] SystemI::createSoundInternal             : exinfo->suggestedsoundtype = 5
[LOG] SystemI::createSoundInternal             : exinfo->useropen           = 00007FFE641A5B90
[LOG] SystemI::createSoundInternal             : exinfo->userclose          = 00007FFE641A5B50
[LOG] SystemI::createSoundInternal             : exinfo->userread           = 00007FFE641A5C70
[LOG] SystemI::createSoundInternal             : exinfo->userseek           = 00007FFE641A5D30
[LOG] SystemI::createSoundInternal             : exinfo->fileuserdata       = 0000024D0D881B98
[LOG] SystemI::createSoundInternal             : exinfo->initialseekpostype = 1
[LOG] SystemI::DSPCodecPoolRegister            : register codec pool for pool type 5
[LOG] SystemI::createSoundInternal             : Sample 0/1: name='Brosse_a_dents_Tapis_V2', format=5, channels=2, frequency=48000, lengthbytes=4320, lengthpcm=70217, pcmblocksize=0, loopstart=0, loopend=0, mode=0x00000000, channelmask=0x00000000, channelorder=0, peakvolume=0.084747.
[LOG] SystemI::createSoundInternal             : Create name='', mode=0x02000202
[LOG] SystemI::createSoundInternal             : exinfo->cbsize             = 224
[LOG] SystemI::createSoundInternal             : exinfo->length             = 951136
[LOG] SystemI::createSoundInternal             : exinfo->fileoffset         = 88864
[LOG] SystemI::createSoundInternal             : exinfo->numsubsounds       = 1
[LOG] SystemI::createSoundInternal             : exinfo->inclusionlist      = 000000B67396ED98
[LOG] SystemI::createSoundInternal             : exinfo->inclusionlistnum   = 1
[LOG] SystemI::createSoundInternal             : exinfo->suggestedsoundtype = 5
[LOG] SystemI::createSoundInternal             : exinfo->useropen           = 00007FFE641A5B90
[LOG] SystemI::createSoundInternal             : exinfo->userclose          = 00007FFE641A5B50
[LOG] SystemI::createSoundInternal             : exinfo->userread           = 00007FFE641A5C70
[LOG] SystemI::createSoundInternal             : exinfo->userseek           = 00007FFE641A5D30
[LOG] SystemI::createSoundInternal             : exinfo->fileuserdata       = 0000024D0D881B98
[LOG] SystemI::createSoundInternal             : exinfo->initialseekpostype = 1
[LOG] SystemI::DSPCodecPoolRegister            : register codec pool for pool type 5
[LOG] SystemI::createSoundInternal             : Sample 0/1: name='Boite_Crayon_Carrelage_V5', format=5, channels=2, frequency=48000, lengthbytes=9280, lengthpcm=86517, pcmblocksize=0, loopstart=0, loopend=0, mode=0x00000000, channelmask=0x00000000, channelorder=0, peakvolume=0.514923.
[LOG] SystemI::createSoundInternal             : Create name='', mode=0x02000202
[LOG] SystemI::createSoundInternal             : exinfo->cbsize             = 224
[LOG] SystemI::createSoundInternal             : exinfo->length             = 951136
[LOG] SystemI::createSoundInternal             : exinfo->fileoffset         = 88864
[LOG] SystemI::createSoundInternal             : exinfo->numsubsounds       = 1
[LOG] SystemI::createSoundInternal             : exinfo->inclusionlist      = 000000B67396ED98
[LOG] SystemI::createSoundInternal             : exinfo->inclusionlistnum   = 1
[LOG] SystemI::createSoundInternal             : exinfo->suggestedsoundtype = 5
[LOG] SystemI::createSoundInternal             : exinfo->useropen           = 00007FFE641A5B90
[LOG] SystemI::createSoundInternal             : exinfo->userclose          = 00007FFE641A5B50
[LOG] SystemI::createSoundInternal             : exinfo->userread           = 00007FFE641A5C70
[LOG] SystemI::createSoundInternal             : exinfo->userseek           = 00007FFE641A5D30
[LOG] SystemI::createSoundInternal             : exinfo->fileuserdata       = 0000024D0D881B98
[LOG] SystemI::createSoundInternal             : exinfo->initialseekpostype = 1
[LOG] SystemI::DSPCodecPoolRegister            : register codec pool for pool type 5
[LOG] SystemI::createSoundInternal             : Sample 0/1: name='Stylo_Bois_V4', format=5, channels=2, frequency=48000, lengthbytes=7200, lengthpcm=76486, pcmblocksize=0, loopstart=0, loopend=0, mode=0x00000000, channelmask=0x00000000, channelorder=0, peakvolume=0.580780.
[LOG] SystemI::createSoundInternal             : Create name='', mode=0x02000202
[LOG] SystemI::createSoundInternal             : exinfo->cbsize             = 224
[LOG] SystemI::createSoundInternal             : exinfo->length             = 951136
[LOG] SystemI::createSoundInternal             : exinfo->fileoffset         = 88864
[LOG] SystemI::createSoundInternal             : exinfo->numsubsounds       = 1
[LOG] SystemI::createSoundInternal             : exinfo->inclusionlist      = 000000B67396ED98
[LOG] SystemI::createSoundInternal             : exinfo->inclusionlistnum   = 1
[LOG] SystemI::createSoundInternal             : exinfo->suggestedsoundtype = 5
[LOG] SystemI::createSoundInternal             : exinfo->useropen           = 00007FFE641A5B90
[LOG] SystemI::createSoundInternal             : exinfo->userclose          = 00007FFE641A5B50
[LOG] SystemI::createSoundInternal             : exinfo->userread           = 00007FFE641A5C70
[LOG] SystemI::createSoundInternal             : exinfo->userseek           = 00007FFE641A5D30
[LOG] SystemI::createSoundInternal             : exinfo->fileuserdata       = 0000024D0D881B98
[LOG] SystemI::createSoundInternal             : exinfo->initialseekpostype = 1
[LOG] SystemI::DSPCodecPoolRegister            : register codec pool for pool type 5
[LOG] SystemI::createSoundInternal             : Sample 0/1: name='Boite_Crayon_Bois_V5', format=5, channels=2, frequency=48000, lengthbytes=5152, lengthpcm=72724, pcmblocksize=0, loopstart=0, loopend=0, mode=0x00000000, channelmask=0x00000000, channelorder=0, peakvolume=0.618530.
[LOG] SystemI::createSoundInternal             : Create name='', mode=0x02000202
[LOG] SystemI::createSoundInternal             : exinfo->cbsize             = 224
[LOG] SystemI::createSoundInternal             : exinfo->length             = 951136
[LOG] SystemI::createSoundInternal             : exinfo->fileoffset         = 88864
[LOG] SystemI::createSoundInternal             : exinfo->numsubsounds       = 1
[LOG] SystemI::createSoundInternal             : exinfo->inclusionlist      = 000000B67396ED98
[LOG] SystemI::createSoundInternal             : exinfo->inclusionlistnum   = 1
[LOG] SystemI::createSoundInternal             : exinfo->suggestedsoundtype = 5
[LOG] SystemI::createSoundInternal             : exinfo->useropen           = 00007FFE641A5B90
[LOG] SystemI::createSoundInternal             : exinfo->userclose          = 00007FFE641A5B50
[LOG] SystemI::createSoundInternal             : exinfo->userread           = 00007FFE641A5C70
[LOG] SystemI::createSoundInternal             : exinfo->userseek           = 00007FFE641A5D30
[LOG] SystemI::createSoundInternal             : exinfo->fileuserdata       = 0000024D0D881B98
[LOG] SystemI::createSoundInternal             : exinfo->initialseekpostype = 1
[LOG] SystemI::DSPCodecPoolRegister            : register codec pool for pool type 5
[LOG] SystemI::createSoundInternal             : Sample 0/1: name='Stylo_Carrelage_V3', format=5, channels=2, frequency=48000, lengthbytes=14752, lengthpcm=105325, pcmblocksize=0, loopstart=0, loopend=0, mode=0x00000000, channelmask=0x00000000, channelorder=0, peakvolume=0.267395.
[LOG] SystemI::createSoundInternal             : Create name='', mode=0x02000202
[LOG] SystemI::createSoundInternal             : exinfo->cbsize             = 224
[LOG] SystemI::createSoundInternal             : exinfo->length             = 951136
[LOG] SystemI::createSoundInternal             : exinfo->fileoffset         = 88864
[LOG] SystemI::createSoundInternal             : exinfo->numsubsounds       = 1
[LOG] SystemI::createSoundInternal             : exinfo->inclusionlist      = 000000B67396ED98
[LOG] SystemI::createSoundInternal             : exinfo->inclusionlistnum   = 1
[LOG] SystemI::createSoundInternal             : exinfo->suggestedsoundtype = 5
[LOG] SystemI::createSoundInternal             : exinfo->useropen           = 00007FFE641A5B90
[LOG] SystemI::createSoundInternal             : exinfo->userclose          = 00007FFE641A5B50
[LOG] SystemI::createSoundInternal             : exinfo->userread           = 00007FFE641A5C70
[LOG] SystemI::createSoundInternal             : exinfo->userseek           = 00007FFE641A5D30
[LOG] SystemI::createSoundInternal             : exinfo->fileuserdata       = 0000024D0D881B98
[LOG] SystemI::createSoundInternal             : exinfo->initialseekpostype = 1
[LOG] SystemI::DSPCodecPoolRegister            : register codec pool for pool type 5
[LOG] SystemI::createSoundInternal             : Sample 0/1: name='Livre_Tapis_V3', format=5, channels=2, frequency=48000, lengthbytes=1632, lengthpcm=56424, pcmblocksize=0, loopstart=0, loopend=0, mode=0x00000000, channelmask=0x00000000, channelorder=0, peakvolume=0.321808.
[LOG] SystemI::createSoundInternal             : Create name='', mode=0x02000202
[LOG] SystemI::createSoundInternal             : exinfo->cbsize             = 224
[LOG] SystemI::createSoundInternal             : exinfo->length             = 951136
[LOG] SystemI::createSoundInternal             : exinfo->fileoffset         = 88864
[LOG] SystemI::createSoundInternal             : exinfo->numsubsounds       = 1
[LOG] SystemI::createSoundInternal             : exinfo->inclusionlist      = 000000B67396ED98
[LOG] SystemI::createSoundInternal             : exinfo->inclusionlistnum   = 1
[LOG] SystemI::createSoundInternal             : exinfo->suggestedsoundtype = 5
[LOG] SystemI::createSoundInternal             : exinfo->useropen           = 00007FFE641A5B90
[LOG] SystemI::createSoundInternal             : exinfo->userclose          = 00007FFE641A5B50
[LOG] SystemI::createSoundInternal             : exinfo->userread           = 00007FFE641A5C70
[LOG] SystemI::createSoundInternal             : exinfo->userseek           = 00007FFE641A5D30
[LOG] SystemI::createSoundInternal             : exinfo->fileuserdata       = 0000024D0D881B98
[LOG] SystemI::createSoundInternal             : exinfo->initialseekpostype = 1
[LOG] SystemI::DSPCodecPoolRegister            : register codec pool for pool type 5
[LOG] SystemI::createSoundInternal             : Sample 0/1: name='Brosse_a_dents_Bois_V3', format=5, channels=2, frequency=48000, lengthbytes=3456, lengthpcm=62693, pcmblocksize=0, loopstart=0, loopend=0, mode=0x00000000, channelmask=0x00000000, channelorder=0, peakvolume=0.997040.
[LOG] SystemI::createSoundInternal             : Create name='', mode=0x02000202
[LOG] SystemI::createSoundInternal             : exinfo->cbsize             = 224
[LOG] SystemI::createSoundInternal             : exinfo->length             = 951136
[LOG] SystemI::createSoundInternal             : exinfo->fileoffset         = 88864
[LOG] SystemI::createSoundInternal             : exinfo->numsubsounds       = 1
[LOG] SystemI::createSoundInternal             : exinfo->inclusionlist      = 000000B67396ED98
[LOG] SystemI::createSoundInternal             : exinfo->inclusionlistnum   = 1
[LOG] SystemI::createSoundInternal             : exinfo->suggestedsoundtype = 5
[LOG] SystemI::createSoundInternal             : exinfo->useropen           = 00007FFE641A5B90
[LOG] SystemI::createSoundInternal             : exinfo->userclose          = 00007FFE641A5B50
[LOG] SystemI::createSoundInternal             : exinfo->userread           = 00007FFE641A5C70
[LOG] SystemI::createSoundInternal             : exinfo->userseek           = 00007FFE641A5D30
[LOG] SystemI::createSoundInternal             : exinfo->fileuserdata       = 0000024D0D881B98
[LOG] SystemI::createSoundInternal             : exinfo->initialseekpostype = 1
[LOG] SystemI::DSPCodecPoolRegister            : register codec pool for pool type 5
[LOG] SystemI::createSoundInternal             : Sample 0/1: name='Livre_Carrelage_V3', format=5, channels=2, frequency=48000, lengthbytes=3232, lengthpcm=63947, pcmblocksize=0, loopstart=0, loopend=0, mode=0x00000000, channelmask=0x00000000, channelorder=0, peakvolume=0.702881.
[LOG] SystemI::createSoundInternal             : Create name='', mode=0x02000202
[LOG] SystemI::createSoundInternal             : exinfo->cbsize             = 224
[LOG] SystemI::createSoundInternal             : exinfo->length             = 951136
[LOG] SystemI::createSoundInternal             : exinfo->fileoffset         = 88864
[LOG] SystemI::createSoundInternal             : exinfo->numsubsounds       = 1
[LOG] SystemI::createSoundInternal             : exinfo->inclusionlist      = 000000B67396ED98
[LOG] SystemI::createSoundInternal             : exinfo->inclusionlistnum   = 1
[LOG] SystemI::createSoundInternal             : exinfo->suggestedsoundtype = 5
[LOG] SystemI::createSoundInternal             : exinfo->useropen           = 00007FFE641A5B90
[LOG] SystemI::createSoundInternal             : exinfo->userclose          = 00007FFE641A5B50
[LOG] SystemI::createSoundInternal             : exinfo->userread           = 00007FFE641A5C70
[LOG] SystemI::createSoundInternal             : exinfo->userseek           = 00007FFE641A5D30
[LOG] SystemI::createSoundInternal             : exinfo->fileuserdata       = 0000024D0D881B98
[LOG] SystemI::createSoundInternal             : exinfo->initialseekpostype = 1
[LOG] SystemI::DSPCodecPoolRegister            : register codec pool for pool type 5
[LOG] SystemI::createSoundInternal             : Sample 0/1: name='Stylo_Tapis_V3', format=5, channels=2, frequency=48000, lengthbytes=2048, lengthpcm=57678, pcmblocksize=0, loopstart=0, loopend=0, mode=0x00000000, channelmask=0x00000000, channelorder=0, peakvolume=0.243073.
[LOG] SystemI::createSoundInternal             : Create name='', mode=0x02000202
[LOG] SystemI::createSoundInternal             : exinfo->cbsize             = 224
[LOG] SystemI::createSoundInternal             : exinfo->length             = 951136
[LOG] SystemI::createSoundInternal             : exinfo->fileoffset         = 88864
[LOG] SystemI::createSoundInternal             : exinfo->numsubsounds       = 1
[LOG] SystemI::createSoundInternal             : exinfo->inclusionlist      = 000000B67396ED98
[LOG] SystemI::createSoundInternal             : exinfo->inclusionlistnum   = 1
[LOG] SystemI::createSoundInternal             : exinfo->suggestedsoundtype = 5
[LOG] SystemI::createSoundInternal             : exinfo->useropen           = 00007FFE641A5B90
[LOG] SystemI::createSoundInternal             : exinfo->userclose          = 00007FFE641A5B50
[LOG] SystemI::createSoundInternal             : exinfo->userread           = 00007FFE641A5C70
[LOG] SystemI::createSoundInternal             : exinfo->userseek           = 00007FFE641A5D30
[LOG] SystemI::createSoundInternal             : exinfo->fileuserdata       = 0000024D0D881B98
[LOG] SystemI::createSoundInternal             : exinfo->initialseekpostype = 1
[LOG] SystemI::DSPCodecPoolRegister            : register codec pool for pool type 5
[LOG] SystemI::createSoundInternal             : Sample 0/1: name='Boite_Crayon_Carrelage_V2', format=5, channels=2, frequency=48000, lengthbytes=5792, lengthpcm=73978, pcmblocksize=0, loopstart=0, loopend=0, mode=0x00000000, channelmask=0x00000000, channelorder=0, peakvolume=0.891388.
[LOG] SystemI::createSoundInternal             : Create name='', mode=0x02000202
[LOG] SystemI::createSoundInternal             : exinfo->cbsize             = 224
[LOG] SystemI::createSoundInternal             : exinfo->length             = 951136
[LOG] SystemI::createSoundInternal             : exinfo->fileoffset         = 88864
[LOG] SystemI::createSoundInternal             : exinfo->numsubsounds       = 1
[LOG] SystemI::createSoundInternal             : exinfo->inclusionlist      = 000000B67396ED98
[LOG] SystemI::createSoundInternal             : exinfo->inclusionlistnum   = 1
[LOG] SystemI::createSoundInternal             : exinfo->suggestedsoundtype = 5
[LOG] SystemI::createSoundInternal             : exinfo->useropen           = 00007FFE641A5B90
[LOG] SystemI::createSoundInternal             : exinfo->userclose          = 00007FFE641A5B50
[LOG] SystemI::createSoundInternal             : exinfo->userread           = 00007FFE641A5C70
[LOG] SystemI::createSoundInternal             : exinfo->userseek           = 00007FFE641A5D30
[LOG] SystemI::createSoundInternal             : exinfo->fileuserdata       = 0000024D0D881B98
[LOG] SystemI::createSoundInternal             : exinfo->initialseekpostype = 1
[LOG] SystemI::DSPCodecPoolRegister            : register codec pool for pool type 5
[LOG] SystemI::createSoundInternal             : Sample 0/1: name='Livre_Tapis_V5', format=5, channels=2, frequency=48000, lengthbytes=1696, lengthpcm=56424, pcmblocksize=0, loopstart=0, loopend=0, mode=0x00000000, channelmask=0x00000000, channelorder=0, peakvolume=0.305786.
[LOG] SystemI::createSoundInternal             : Create name='', mode=0x02000202
[LOG] SystemI::createSoundInternal             : exinfo->cbsize             = 224
[LOG] SystemI::createSoundInternal             : exinfo->length             = 951136
[LOG] SystemI::createSoundInternal             : exinfo->fileoffset         = 88864
[LOG] SystemI::createSoundInternal             : exinfo->numsubsounds       = 1
[LOG] SystemI::createSoundInternal             : exinfo->inclusionlist      = 000000B67396ED98
[LOG] SystemI::createSoundInternal             : exinfo->inclusionlistnum   = 1
[LOG] SystemI::createSoundInternal             : exinfo->suggestedsoundtype = 5
[LOG] SystemI::createSoundInternal             : exinfo->useropen           = 00007FFE641A5B90
[LOG] SystemI::createSoundInternal             : exinfo->userclose          = 00007FFE641A5B50
[LOG] SystemI::createSoundInternal             : exinfo->userread           = 00007FFE641A5C70
[LOG] SystemI::createSoundInternal             : exinfo->userseek           = 00007FFE641A5D30
[LOG] SystemI::createSoundInternal             : exinfo->fileuserdata       = 0000024D0D881B98
[LOG] SystemI::createSoundInternal             : exinfo->initialseekpostype = 1
[LOG] SystemI::DSPCodecPoolRegister            : register codec pool for pool type 5
[LOG] SystemI::createSoundInternal             : Sample 0/1: name='Brosse_a_dents_Bois_V4', format=5, channels=2, frequency=48000, lengthbytes=2112, lengthpcm=57678, pcmblocksize=0, loopstart=0, loopend=0, mode=0x00000000, channelmask=0x00000000, channelorder=0, peakvolume=0.970642.
[LOG] SystemI::createSoundInternal             : Create name='', mode=0x02000202
[LOG] SystemI::createSoundInternal             : exinfo->cbsize             = 224
[LOG] SystemI::createSoundInternal             : exinfo->length             = 951136
[LOG] SystemI::createSoundInternal             : exinfo->fileoffset         = 88864
[LOG] SystemI::createSoundInternal             : exinfo->numsubsounds       = 1
[LOG] SystemI::createSoundInternal             : exinfo->inclusionlist      = 000000B67396ED98
[LOG] SystemI::createSoundInternal             : exinfo->inclusionlistnum   = 1
[LOG] SystemI::createSoundInternal             : exinfo->suggestedsoundtype = 5
[LOG] SystemI::createSoundInternal             : exinfo->useropen           = 00007FFE641A5B90
[LOG] SystemI::createSoundInternal             : exinfo->userclose          = 00007FFE641A5B50
[LOG] SystemI::createSoundInternal             : exinfo->userread           = 00007FFE641A5C70
[LOG] SystemI::createSoundInternal             : exinfo->userseek           = 00007FFE641A5D30
[LOG] SystemI::createSoundInternal             : exinfo->fileuserdata       = 0000024D0D881B98
[LOG] SystemI::createSoundInternal             : exinfo->initialseekpostype = 1
[LOG] SystemI::DSPCodecPoolRegister            : register codec pool for pool type 5
[LOG] SystemI::createSoundInternal             : Sample 0/1: name='Brosse_a_dents_Bois_V1', format=5, channels=2, frequency=48000, lengthbytes=4064, lengthpcm=63947, pcmblocksize=0, loopstart=0, loopend=0, mode=0x00000000, channelmask=0x00000000, channelorder=0, peakvolume=0.932037.
[LOG] SystemI::createSoundInternal             : Create name='', mode=0x02000202
[LOG] SystemI::createSoundInternal             : exinfo->cbsize             = 224
[LOG] SystemI::createSoundInternal             : exinfo->length             = 951136
[LOG] SystemI::createSoundInternal             : exinfo->fileoffset         = 88864
[LOG] SystemI::createSoundInternal             : exinfo->numsubsounds       = 1
[LOG] SystemI::createSoundInternal             : exinfo->inclusionlist      = 000000B67396ED98
[LOG] SystemI::createSoundInternal             : exinfo->inclusionlistnum   = 1
[LOG] SystemI::createSoundInternal             : exinfo->suggestedsoundtype = 5
[LOG] SystemI::createSoundInternal             : exinfo->useropen           = 00007FFE641A5B90
[LOG] SystemI::createSoundInternal             : exinfo->userclose          = 00007FFE641A5B50
[LOG] SystemI::createSoundInternal             : exinfo->userread           = 00007FFE641A5C70
[LOG] SystemI::createSoundInternal             : exinfo->userseek           = 00007FFE641A5D30
[LOG] SystemI::createSoundInternal             : exinfo->fileuserdata       = 0000024D0D881B98
[LOG] SystemI::createSoundInternal             : exinfo->initialseekpostype = 1
[LOG] SystemI::DSPCodecPoolRegister            : register codec pool for pool type 5
[LOG] SystemI::createSoundInternal             : Sample 0/1: name='Boite_Crayon_Tapis_V1', format=5, channels=2, frequency=48000, lengthbytes=5760, lengthpcm=72724, pcmblocksize=0, loopstart=0, loopend=0, mode=0x00000000, channelmask=0x00000000, channelorder=0, peakvolume=0.732147.
[LOG] SystemI::createSoundInternal             : Create name='', mode=0x02000202
[LOG] SystemI::createSoundInternal             : exinfo->cbsize             = 224
[LOG] SystemI::createSoundInternal             : exinfo->length             = 951136
[LOG] SystemI::createSoundInternal             : exinfo->fileoffset         = 88864
[LOG] SystemI::createSoundInternal             : exinfo->numsubsounds       = 1
[LOG] SystemI::createSoundInternal             : exinfo->inclusionlist      = 000000B67396ED98
[LOG] SystemI::createSoundInternal             : exinfo->inclusionlistnum   = 1
[LOG] SystemI::createSoundInternal             : exinfo->suggestedsoundtype = 5
[LOG] SystemI::createSoundInternal             : exinfo->useropen           = 00007FFE641A5B90
[LOG] SystemI::createSoundInternal             : exinfo->userclose          = 00007FFE641A5B50
[LOG] SystemI::createSoundInternal             : exinfo->userread           = 00007FFE641A5C70
[LOG] SystemI::createSoundInternal             : exinfo->userseek           = 00007FFE641A5D30
[LOG] SystemI::createSoundInternal             : exinfo->fileuserdata       = 0000024D0D881B98
[LOG] SystemI::createSoundInternal             : exinfo->initialseekpostype = 1
[LOG] SystemI::DSPCodecPoolRegister            : register codec pool for pool type 5
[LOG] SystemI::createSoundInternal             : Sample 0/1: name='Livre_Bois_V5', format=5, channels=2, frequency=48000, lengthbytes=3168, lengthpcm=62693, pcmblocksize=0, loopstart=0, loopend=0, mode=0x00000000, channelmask=0x00000000, channelorder=0, peakvolume=0.578857.
[LOG] SystemI::createSoundInternal             : Create name='', mode=0x02000202
[LOG] SystemI::createSoundInternal             : exinfo->cbsize             = 224
[LOG] SystemI::createSoundInternal             : exinfo->length             = 951136
[LOG] SystemI::createSoundInternal             : exinfo->fileoffset         = 88864
[LOG] SystemI::createSoundInternal             : exinfo->numsubsounds       = 1
[LOG] SystemI::createSoundInternal             : exinfo->inclusionlist      = 000000B67396ED98
[LOG] SystemI::createSoundInternal             : exinfo->inclusionlistnum   = 1
[LOG] SystemI::createSoundInternal             : exinfo->suggestedsoundtype = 5
[LOG] SystemI::createSoundInternal             : exinfo->useropen           = 00007FFE641A5B90
[LOG] SystemI::createSoundInternal             : exinfo->userclose          = 00007FFE641A5B50
[LOG] SystemI::createSoundInternal             : exinfo->userread           = 00007FFE641A5C70
[LOG] SystemI::createSoundInternal             : exinfo->userseek           = 00007FFE641A5D30
[LOG] SystemI::createSoundInternal             : exinfo->fileuserdata       = 0000024D0D881B98
[LOG] SystemI::createSoundInternal             : exinfo->initialseekpostype = 1
[LOG] SystemI::DSPCodecPoolRegister            : register codec pool for pool type 5
[LOG] SystemI::createSoundInternal             : Sample 0/1: name='Livre_Bois_V4', format=5, channels=2, frequency=48000, lengthbytes=6656, lengthpcm=78994, pcmblocksize=0, loopstart=0, loopend=0, mode=0x00000000, channelmask=0x00000000, channelorder=0, peakvolume=0.736694.
[LOG] SystemI::createSoundInternal             : Create name='', mode=0x02000202
[LOG] SystemI::createSoundInternal             : exinfo->cbsize             = 224
[LOG] SystemI::createSoundInternal             : exinfo->length             = 951136
[LOG] SystemI::createSoundInternal             : exinfo->fileoffset         = 88864
[LOG] SystemI::createSoundInternal             : exinfo->numsubsounds       = 1
[LOG] SystemI::createSoundInternal             : exinfo->inclusionlist      = 000000B67396ED98
[LOG] SystemI::createSoundInternal             : exinfo->inclusionlistnum   = 1
[LOG] SystemI::createSoundInternal             : exinfo->suggestedsoundtype = 5
[LOG] SystemI::createSoundInternal             : exinfo->useropen           = 00007FFE641A5B90
[LOG] SystemI::createSoundInternal             : exinfo->userclose          = 00007FFE641A5B50
[LOG] SystemI::createSoundInternal             : exinfo->userread           = 00007FFE641A5C70
[LOG] SystemI::createSoundInternal             : exinfo->userseek           = 00007FFE641A5D30
[LOG] SystemI::createSoundInternal             : exinfo->fileuserdata       = 0000024D0D881B98
[LOG] SystemI::createSoundInternal             : exinfo->initialseekpostype = 1
[LOG] SystemI::DSPCodecPoolRegister            : register codec pool for pool type 5
[LOG] SystemI::createSoundInternal             : Sample 0/1: name='Brosse_a_dents_Carrelage_V3', format=5, channels=2, frequency=48000, lengthbytes=4512, lengthpcm=66455, pcmblocksize=0, loopstart=0, loopend=0, mode=0x00000000, channelmask=0x00000000, channelorder=0, peakvolume=0.982971.
[LOG] SystemI::createSoundInternal             : Create name='', mode=0x02000202
[LOG] SystemI::createSoundInternal             : exinfo->cbsize             = 224
[LOG] SystemI::createSoundInternal             : exinfo->length             = 951136
[LOG] SystemI::createSoundInternal             : exinfo->fileoffset         = 88864
[LOG] SystemI::createSoundInternal             : exinfo->numsubsounds       = 1
[LOG] SystemI::createSoundInternal             : exinfo->inclusionlist      = 000000B67396ED98
[LOG] SystemI::createSoundInternal             : exinfo->inclusionlistnum   = 1
[LOG] SystemI::createSoundInternal             : exinfo->suggestedsoundtype = 5
[LOG] SystemI::createSoundInternal             : exinfo->useropen           = 00007FFE641A5B90
[LOG] SystemI::createSoundInternal             : exinfo->userclose          = 00007FFE641A5B50
[LOG] SystemI::createSoundInternal             : exinfo->userread           = 00007FFE641A5C70
[LOG] SystemI::createSoundInternal             : exinfo->userseek           = 00007FFE641A5D30
[LOG] SystemI::createSoundInternal             : exinfo->fileuserdata       = 0000024D0D881B98
[LOG] SystemI::createSoundInternal             : exinfo->initialseekpostype = 1
[LOG] SystemI::DSPCodecPoolRegister            : register codec pool for pool type 5
[LOG] SystemI::createSoundInternal             : Sample 0/1: name='Boite_Crayon_Bois_V2', format=5, channels=2, frequency=48000, lengthbytes=4672, lengthpcm=68963, pcmblocksize=0, loopstart=0, loopend=0, mode=0x00000000, channelmask=0x00000000, channelorder=0, peakvolume=0.636566.
[LOG] SystemI::createSoundInternal             : Create name='', mode=0x02000202
[LOG] SystemI::createSoundInternal             : exinfo->cbsize             = 224
[LOG] SystemI::createSoundInternal             : exinfo->length             = 951136
[LOG] SystemI::createSoundInternal             : exinfo->fileoffset         = 88864
[LOG] SystemI::createSoundInternal             : exinfo->numsubsounds       = 1
[LOG] SystemI::createSoundInternal             : exinfo->inclusionlist      = 000000B67396ED98
[LOG] SystemI::createSoundInternal             : exinfo->inclusionlistnum   = 1
[LOG] SystemI::createSoundInternal             : exinfo->suggestedsoundtype = 5
[LOG] SystemI::createSoundInternal             : exinfo->useropen           = 00007FFE641A5B90
[LOG] SystemI::createSoundInternal             : exinfo->userclose          = 00007FFE641A5B50
[LOG] SystemI::createSoundInternal             : exinfo->userread           = 00007FFE641A5C70
[LOG] SystemI::createSoundInternal             : exinfo->userseek           = 00007FFE641A5D30
[LOG] SystemI::createSoundInternal             : exinfo->fileuserdata       = 0000024D0D881B98
[LOG] SystemI::createSoundInternal             : exinfo->initialseekpostype = 1
[LOG] SystemI::DSPCodecPoolRegister            : register codec pool for pool type 5
[LOG] SystemI::createSoundInternal             : Sample 0/1: name='Livre_Tapis_V4', format=5, channels=2, frequency=48000, lengthbytes=1984, lengthpcm=56424, pcmblocksize=0, loopstart=0, loopend=0, mode=0x00000000, channelmask=0x00000000, channelorder=0, peakvolume=0.388397.
[LOG] SystemI::createSoundInternal             : Create name='', mode=0x02000202
[LOG] SystemI::createSoundInternal             : exinfo->cbsize             = 224
[LOG] SystemI::createSoundInternal             : exinfo->length             = 951136
[LOG] SystemI::createSoundInternal             : exinfo->fileoffset         = 88864
[LOG] SystemI::createSoundInternal             : exinfo->numsubsounds       = 1
[LOG] SystemI::createSoundInternal             : exinfo->inclusionlist      = 000000B67396ED98
[LOG] SystemI::createSoundInternal             : exinfo->inclusionlistnum   = 1
[LOG] SystemI::createSoundInternal             : exinfo->suggestedsoundtype = 5
[LOG] SystemI::createSoundInternal             : exinfo->useropen           = 00007FFE641A5B90
[LOG] SystemI::createSoundInternal             : exinfo->userclose          = 00007FFE641A5B50
[LOG] SystemI::createSoundInternal             : exinfo->userread           = 00007FFE641A5C70
[LOG] SystemI::createSoundInternal             : exinfo->userseek           = 00007FFE641A5D30
[LOG] SystemI::createSoundInternal             : exinfo->fileuserdata       = 0000024D0D881B98
[LOG] SystemI::createSoundInternal             : exinfo->initialseekpostype = 1
[LOG] SystemI::DSPCodecPoolRegister            : register codec pool for pool type 5
[LOG] SystemI::createSoundInternal             : Sample 0/1: name='Livre_Bois_V2', format=5, channels=2, frequency=48000, lengthbytes=3136, lengthpcm=63947, pcmblocksize=0, loopstart=0, loopend=0, mode=0x00000000, channelmask=0x00000000, channelorder=0, peakvolume=0.762695.
[LOG] SystemI::createSoundInternal             : Create name='', mode=0x02000202
[LOG] SystemI::createSoundInternal             : exinfo->cbsize             = 224
[LOG] SystemI::createSoundInternal             : exinfo->length             = 951136
[LOG] SystemI::createSoundInternal             : exinfo->fileoffset         = 88864
[LOG] SystemI::createSoundInternal             : exinfo->numsubsounds       = 1
[LOG] SystemI::createSoundInternal             : exinfo->inclusionlist      = 000000B67396ED98
[LOG] SystemI::createSoundInternal             : exinfo->inclusionlistnum   = 1
[LOG] SystemI::createSoundInternal             : exinfo->suggestedsoundtype = 5
[LOG] SystemI::createSoundInternal             : exinfo->useropen           = 00007FFE641A5B90
[LOG] SystemI::createSoundInternal             : exinfo->userclose          = 00007FFE641A5B50
[LOG] SystemI::createSoundInternal             : exinfo->userread           = 00007FFE641A5C70
[LOG] SystemI::createSoundInternal             : exinfo->userseek           = 00007FFE641A5D30
[LOG] SystemI::createSoundInternal             : exinfo->fileuserdata       = 0000024D0D881B98
[LOG] SystemI::createSoundInternal             : exinfo->initialseekpostype = 1
[LOG] SystemI::DSPCodecPoolRegister            : register codec pool for pool type 5
[LOG] SystemI::createSoundInternal             : Sample 0/1: name='Brosse_a_dents_Carrelage_V2', format=5, channels=2, frequency=48000, lengthbytes=4096, lengthpcm=65201, pcmblocksize=0, loopstart=0, loopend=0, mode=0x00000000, channelmask=0x00000000, channelorder=0, peakvolume=0.984283.
[LOG] SystemI::createSoundInternal             : Create name='', mode=0x02000202
[LOG] SystemI::createSoundInternal             : exinfo->cbsize             = 224
[LOG] SystemI::createSoundInternal             : exinfo->length             = 951136
[LOG] SystemI::createSoundInternal             : exinfo->fileoffset         = 88864
[LOG] SystemI::createSoundInternal             : exinfo->numsubsounds       = 1
[LOG] SystemI::createSoundInternal             : exinfo->inclusionlist      = 000000B67396ED98
[LOG] SystemI::createSoundInternal             : exinfo->inclusionlistnum   = 1
[LOG] SystemI::createSoundInternal             : exinfo->suggestedsoundtype = 5
[LOG] SystemI::createSoundInternal             : exinfo->useropen           = 00007FFE641A5B90
[LOG] SystemI::createSoundInternal             : exinfo->userclose          = 00007FFE641A5B50
[LOG] SystemI::createSoundInternal             : exinfo->userread           = 00007FFE641A5C70
[LOG] SystemI::createSoundInternal             : exinfo->userseek           = 00007FFE641A5D30
[LOG] SystemI::createSoundInternal             : exinfo->fileuserdata       = 0000024D0D881B98
[LOG] SystemI::createSoundInternal             : exinfo->initialseekpostype = 1
[LOG] SystemI::DSPCodecPoolRegister            : register codec pool for pool type 5
[LOG] SystemI::createSoundInternal             : Sample 0/1: name='Livre_Bois_V6', format=5, channels=2, frequency=48000, lengthbytes=3936, lengthpcm=63947, pcmblocksize=0, loopstart=0, loopend=0, mode=0x00000000, channelmask=0x00000000, channelorder=0, peakvolume=0.530487.
[LOG] SystemI::createSoundInternal             : Create name='', mode=0x02000202
[LOG] SystemI::createSoundInternal             : exinfo->cbsize             = 224
[LOG] SystemI::createSoundInternal             : exinfo->length             = 951136
[LOG] SystemI::createSoundInternal             : exinfo->fileoffset         = 88864
[LOG] SystemI::createSoundInternal             : exinfo->numsubsounds       = 1
[LOG] SystemI::createSoundInternal             : exinfo->inclusionlist      = 000000B67396ED98
[LOG] SystemI::createSoundInternal             : exinfo->inclusionlistnum   = 1
[LOG] SystemI::createSoundInternal             : exinfo->suggestedsoundtype = 5
[LOG] SystemI::createSoundInternal             : exinfo->useropen           = 00007FFE641A5B90
[LOG] SystemI::createSoundInternal             : exinfo->userclose          = 00007FFE641A5B50
[LOG] SystemI::createSoundInternal             : exinfo->userread           = 00007FFE641A5C70
[LOG] SystemI::createSoundInternal             : exinfo->userseek           = 00007FFE641A5D30
[LOG] SystemI::createSoundInternal             : exinfo->fileuserdata       = 0000024D0D8804E8
[LOG] SystemI::createSoundInternal             : exinfo->initialseekpostype = 1
[LOG] SystemI::DSPCodecPoolRegister            : register codec pool for pool type 5
[LOG] SystemI::createSoundInternal             : Sample 0/1: name='Keys_Bois_V3', format=5, channels=2, frequency=48000, lengthbytes=7040, lengthpcm=76486, pcmblocksize=0, loopstart=0, loopend=0, mode=0x00000000, channelmask=0x00000000, channelorder=0, peakvolume=0.913422.
[LOG] SystemI::createSoundInternal             : Create name='', mode=0x02000202
[LOG] SystemI::createSoundInternal             : exinfo->cbsize             = 224
[LOG] SystemI::createSoundInternal             : exinfo->length             = 951136
[LOG] SystemI::createSoundInternal             : exinfo->fileoffset         = 88864
[LOG] SystemI::createSoundInternal             : exinfo->numsubsounds       = 1
[LOG] SystemI::createSoundInternal             : exinfo->inclusionlist      = 000000B67396ED98
[LOG] SystemI::createSoundInternal             : exinfo->inclusionlistnum   = 1
[LOG] SystemI::createSoundInternal             : exinfo->suggestedsoundtype = 5
[LOG] SystemI::createSoundInternal             : exinfo->useropen           = 00007FFE641A5B90
[LOG] SystemI::createSoundInternal             : exinfo->userclose          = 00007FFE641A5B50
[LOG] SystemI::createSoundInternal             : exinfo->userread           = 00007FFE641A5C70
[LOG] SystemI::createSoundInternal             : exinfo->userseek           = 00007FFE641A5D30
[LOG] SystemI::createSoundInternal             : exinfo->fileuserdata       = 0000024D0D8804E8
[LOG] SystemI::createSoundInternal             : exinfo->initialseekpostype = 1
[LOG] SystemI::DSPCodecPoolRegister            : register codec pool for pool type 5
[LOG] SystemI::createSoundInternal             : Sample 0/1: name='Keys_Tapis_V3', format=5, channels=2, frequency=48000, lengthbytes=7104, lengthpcm=75232, pcmblocksize=0, loopstart=0, loopend=0, mode=0x00000000, channelmask=0x00000000, channelorder=0, peakvolume=0.392365.
[LOG] SystemI::createSoundInternal             : Create name='', mode=0x02000202
[LOG] SystemI::createSoundInternal             : exinfo->cbsize             = 224
[LOG] SystemI::createSoundInternal             : exinfo->length             = 951136
[LOG] SystemI::createSoundInternal             : exinfo->fileoffset         = 88864
[LOG] SystemI::createSoundInternal             : exinfo->numsubsounds       = 1
[LOG] SystemI::createSoundInternal             : exinfo->inclusionlist      = 000000B67396ED98
[LOG] SystemI::createSoundInternal             : exinfo->inclusionlistnum   = 1
[LOG] SystemI::createSoundInternal             : exinfo->suggestedsoundtype = 5
[LOG] SystemI::createSoundInternal             : exinfo->useropen           = 00007FFE641A5B90
[LOG] SystemI::createSoundInternal             : exinfo->userclose          = 00007FFE641A5B50
[LOG] SystemI::createSoundInternal             : exinfo->userread           = 00007FFE641A5C70
[LOG] SystemI::createSoundInternal             : exinfo->userseek           = 00007FFE641A5D30
[LOG] SystemI::createSoundInternal             : exinfo->fileuserdata       = 0000024D0D8804E8
[LOG] SystemI::createSoundInternal             : exinfo->initialseekpostype = 1
[LOG] SystemI::DSPCodecPoolRegister            : register codec pool for pool type 5
[LOG] SystemI::createSoundInternal             : Sample 0/1: name='Keys_Bois_V2', format=5, channels=2, frequency=48000, lengthbytes=4864, lengthpcm=67709, pcmblocksize=0, loopstart=0, loopend=0, mode=0x00000000, channelmask=0x00000000, channelorder=0, peakvolume=0.882446.
[LOG] SystemI::createSoundInternal             : Create name='', mode=0x02000202
[LOG] SystemI::createSoundInternal             : exinfo->cbsize             = 224
[LOG] SystemI::createSoundInternal             : exinfo->length             = 951136
[LOG] SystemI::createSoundInternal             : exinfo->fileoffset         = 88864
[LOG] SystemI::createSoundInternal             : exinfo->numsubsounds       = 1
[LOG] SystemI::createSoundInternal             : exinfo->inclusionlist      = 000000B67396ED98
[LOG] SystemI::createSoundInternal             : exinfo->inclusionlistnum   = 1
[LOG] SystemI::createSoundInternal             : exinfo->suggestedsoundtype = 5
[LOG] SystemI::createSoundInternal             : exinfo->useropen           = 00007FFE641A5B90
[LOG] SystemI::createSoundInternal             : exinfo->userclose          = 00007FFE641A5B50
[LOG] SystemI::createSoundInternal             : exinfo->userread           = 00007FFE641A5C70
[LOG] SystemI::createSoundInternal             : exinfo->userseek           = 00007FFE641A5D30
[LOG] SystemI::createSoundInternal             : exinfo->fileuserdata       = 0000024D0D8804E8
[LOG] SystemI::createSoundInternal             : exinfo->initialseekpostype = 1
[LOG] SystemI::DSPCodecPoolRegister            : register codec pool for pool type 5
[LOG] SystemI::createSoundInternal             : Sample 0/1: name='Keys_Bois_V5', format=5, channels=2, frequency=48000, lengthbytes=9728, lengthpcm=81502, pcmblocksize=0, loopstart=0, loopend=0, mode=0x00000000, channelmask=0x00000000, channelorder=0, peakvolume=0.926483.
[LOG] SystemI::createSoundInternal             : Create name='', mode=0x02000202
[LOG] SystemI::createSoundInternal             : exinfo->cbsize             = 224
[LOG] SystemI::createSoundInternal             : exinfo->length             = 951136
[LOG] SystemI::createSoundInternal             : exinfo->fileoffset         = 88864
[LOG] SystemI::createSoundInternal             : exinfo->numsubsounds       = 1
[LOG] SystemI::createSoundInternal             : exinfo->inclusionlist      = 000000B67396ED98
[LOG] SystemI::createSoundInternal             : exinfo->inclusionlistnum   = 1
[LOG] SystemI::createSoundInternal             : exinfo->suggestedsoundtype = 5
[LOG] SystemI::createSoundInternal             : exinfo->useropen           = 00007FFE641A5B90
[LOG] SystemI::createSoundInternal             : exinfo->userclose          = 00007FFE641A5B50
[LOG] SystemI::createSoundInternal             : exinfo->userread           = 00007FFE641A5C70
[LOG] SystemI::createSoundInternal             : exinfo->userseek           = 00007FFE641A5D30
[LOG] SystemI::createSoundInternal             : exinfo->fileuserdata       = 0000024D0D8804E8
[LOG] SystemI::createSoundInternal             : exinfo->initialseekpostype = 1
[LOG] SystemI::DSPCodecPoolRegister            : register codec pool for pool type 5
[LOG] SystemI::createSoundInternal             : Sample 0/1: name='Keys_Bois_V1', format=5, channels=2, frequency=48000, lengthbytes=10912, lengthpcm=84009, pcmblocksize=0, loopstart=0, loopend=0, mode=0x00000000, channelmask=0x00000000, channelorder=0, peakvolume=0.903351.
[LOG] SystemI::createSoundInternal             : Create name='', mode=0x02000202
[LOG] SystemI::createSoundInternal             : exinfo->cbsize             = 224
[LOG] SystemI::createSoundInternal             : exinfo->length             = 951136
[LOG] SystemI::createSoundInternal             : exinfo->fileoffset         = 88864
[LOG] SystemI::createSoundInternal             : exinfo->numsubsounds       = 1
[LOG] SystemI::createSoundInternal             : exinfo->inclusionlist      = 000000B67396ED98
[LOG] SystemI::createSoundInternal             : exinfo->inclusionlistnum   = 1
[LOG] SystemI::createSoundInternal             : exinfo->suggestedsoundtype = 5
[LOG] SystemI::createSoundInternal             : exinfo->useropen           = 00007FFE641A5B90
[LOG] SystemI::createSoundInternal             : exinfo->userclose          = 00007FFE641A5B50
[LOG] SystemI::createSoundInternal             : exinfo->userread           = 00007FFE641A5C70
[LOG] SystemI::createSoundInternal             : exinfo->userseek           = 00007FFE641A5D30
[LOG] SystemI::createSoundInternal             : exinfo->fileuserdata       = 0000024D0D8804E8
[LOG] SystemI::createSoundInternal             : exinfo->initialseekpostype = 1
[LOG] SystemI::DSPCodecPoolRegister            : register codec pool for pool type 5
[LOG] SystemI::createSoundInternal             : Sample 0/1: name='Keys_Carrelage_V2', format=5, channels=2, frequency=48000, lengthbytes=5088, lengthpcm=70217, pcmblocksize=0, loopstart=0, loopend=0, mode=0x00000000, channelmask=0x00000000, channelorder=0, peakvolume=0.909790.
[LOG] SystemI::createSoundInternal             : Create name='', mode=0x02000202
[LOG] SystemI::createSoundInternal             : exinfo->cbsize             = 224
[LOG] SystemI::createSoundInternal             : exinfo->length             = 951136
[LOG] SystemI::createSoundInternal             : exinfo->fileoffset         = 88864
[LOG] SystemI::createSoundInternal             : exinfo->numsubsounds       = 1
[LOG] SystemI::createSoundInternal             : exinfo->inclusionlist      = 000000B67396ED98
[LOG] SystemI::createSoundInternal             : exinfo->inclusionlistnum   = 1
[LOG] SystemI::createSoundInternal             : exinfo->suggestedsoundtype = 5
[LOG] SystemI::createSoundInternal             : exinfo->useropen           = 00007FFE641A5B90
[LOG] SystemI::createSoundInternal             : exinfo->userclose          = 00007FFE641A5B50
[LOG] SystemI::createSoundInternal             : exinfo->userread           = 00007FFE641A5C70
[LOG] SystemI::createSoundInternal             : exinfo->userseek           = 00007FFE641A5D30
[LOG] SystemI::createSoundInternal             : exinfo->fileuserdata       = 0000024D0D8804E8
[LOG] SystemI::createSoundInternal             : exinfo->initialseekpostype = 1
[LOG] SystemI::DSPCodecPoolRegister            : register codec pool for pool type 5
[LOG] SystemI::createSoundInternal             : Sample 0/1: name='Keys_Carrelage_V3', format=5, channels=2, frequency=48000, lengthbytes=8384, lengthpcm=81502, pcmblocksize=0, loopstart=0, loopend=0, mode=0x00000000, channelmask=0x00000000, channelorder=0, peakvolume=0.779938.
[LOG] SystemI::createSoundInternal             : Create name='', mode=0x02000202
[LOG] SystemI::createSoundInternal             : exinfo->cbsize             = 224
[LOG] SystemI::createSoundInternal             : exinfo->length             = 951136
[LOG] SystemI::createSoundInternal             : exinfo->fileoffset         = 88864
[LOG] SystemI::createSoundInternal             : exinfo->numsubsounds       = 1
[LOG] SystemI::createSoundInternal             : exinfo->inclusionlist      = 000000B67396ED98
[LOG] SystemI::createSoundInternal             : exinfo->inclusionlistnum   = 1
[LOG] SystemI::createSoundInternal             : exinfo->suggestedsoundtype = 5
[LOG] SystemI::createSoundInternal             : exinfo->useropen           = 00007FFE641A5B90
[LOG] SystemI::createSoundInternal             : exinfo->userclose          = 00007FFE641A5B50
[LOG] SystemI::createSoundInternal             : exinfo->userread           = 00007FFE641A5C70
[LOG] SystemI::createSoundInternal             : exinfo->userseek           = 00007FFE641A5D30
[LOG] SystemI::createSoundInternal             : exinfo->fileuserdata       = 0000024D0D8804E8
[LOG] SystemI::createSoundInternal             : exinfo->initialseekpostype = 1
[LOG] SystemI::DSPCodecPoolRegister            : register codec pool for pool type 5
[LOG] SystemI::createSoundInternal             : Sample 0/1: name='Keys_Carrelage_V1', format=5, channels=2, frequency=48000, lengthbytes=8576, lengthpcm=76486, pcmblocksize=0, loopstart=0, loopend=0, mode=0x00000000, channelmask=0x00000000, channelorder=0, peakvolume=0.883820.
[LOG] SystemI::createSoundInternal             : Create name='', mode=0x02000202
[LOG] SystemI::createSoundInternal             : exinfo->cbsize             = 224
[LOG] SystemI::createSoundInternal             : exinfo->length             = 951136
[LOG] SystemI::createSoundInternal             : exinfo->fileoffset         = 88864
[LOG] SystemI::createSoundInternal             : exinfo->numsubsounds       = 1
[LOG] SystemI::createSoundInternal             : exinfo->inclusionlist      = 000000B67396ED98
[LOG] SystemI::createSoundInternal             : exinfo->inclusionlistnum   = 1
[LOG] SystemI::createSoundInternal             : exinfo->suggestedsoundtype = 5
[LOG] SystemI::createSoundInternal             : exinfo->useropen           = 00007FFE641A5B90
[LOG] SystemI::createSoundInternal             : exinfo->userclose          = 00007FFE641A5B50
[LOG] SystemI::createSoundInternal             : exinfo->userread           = 00007FFE641A5C70
[LOG] SystemI::createSoundInternal             : exinfo->userseek           = 00007FFE641A5D30
[LOG] SystemI::createSoundInternal             : exinfo->fileuserdata       = 0000024D0D8804E8
[LOG] SystemI::createSoundInternal             : exinfo->initialseekpostype = 1
[LOG] SystemI::DSPCodecPoolRegister            : register codec pool for pool type 5
[LOG] SystemI::createSoundInternal             : Sample 0/1: name='Keys_Tapis_V4', format=5, channels=2, frequency=48000, lengthbytes=4960, lengthpcm=65201, pcmblocksize=0, loopstart=0, loopend=0, mode=0x00000000, channelmask=0x00000000, channelorder=0, peakvolume=0.535034.
[LOG] SystemI::createSoundInternal             : Create name='', mode=0x02000202
[LOG] SystemI::createSoundInternal             : exinfo->cbsize             = 224
[LOG] SystemI::createSoundInternal             : exinfo->length             = 951136
[LOG] SystemI::createSoundInternal             : exinfo->fileoffset         = 88864
[LOG] SystemI::createSoundInternal             : exinfo->numsubsounds       = 1
[LOG] SystemI::createSoundInternal             : exinfo->inclusionlist      = 000000B67396ED98
[LOG] SystemI::createSoundInternal             : exinfo->inclusionlistnum   = 1
[LOG] SystemI::createSoundInternal             : exinfo->suggestedsoundtype = 5
[LOG] SystemI::createSoundInternal             : exinfo->useropen           = 00007FFE641A5B90
[LOG] SystemI::createSoundInternal             : exinfo->userclose          = 00007FFE641A5B50
[LOG] SystemI::createSoundInternal             : exinfo->userread           = 00007FFE641A5C70
[LOG] SystemI::createSoundInternal             : exinfo->userseek           = 00007FFE641A5D30
[LOG] SystemI::createSoundInternal             : exinfo->fileuserdata       = 0000024D0D8804E8
[LOG] SystemI::createSoundInternal             : exinfo->initialseekpostype = 1
[LOG] SystemI::DSPCodecPoolRegister            : register codec pool for pool type 5
[LOG] SystemI::createSoundInternal             : Sample 0/1: name='Keys_Carrelage_V4', format=5, channels=2, frequency=48000, lengthbytes=9824, lengthpcm=86517, pcmblocksize=0, loopstart=0, loopend=0, mode=0x00000000, channelmask=0x00000000, channelorder=0, peakvolume=0.941895.
[LOG] SystemI::createSoundInternal             : Create name='', mode=0x02000202
[LOG] SystemI::createSoundInternal             : exinfo->cbsize             = 224
[LOG] SystemI::createSoundInternal             : exinfo->length             = 951136
[LOG] SystemI::createSoundInternal             : exinfo->fileoffset         = 88864
[LOG] SystemI::createSoundInternal             : exinfo->numsubsounds       = 1
[LOG] SystemI::createSoundInternal             : exinfo->inclusionlist      = 000000B67396ED98
[LOG] SystemI::createSoundInternal             : exinfo->inclusionlistnum   = 1
[LOG] SystemI::createSoundInternal             : exinfo->suggestedsoundtype = 5
[LOG] SystemI::createSoundInternal             : exinfo->useropen           = 00007FFE641A5B90
[LOG] SystemI::createSoundInternal             : exinfo->userclose          = 00007FFE641A5B50
[LOG] SystemI::createSoundInternal             : exinfo->userread           = 00007FFE641A5C70
[LOG] SystemI::createSoundInternal             : exinfo->userseek           = 00007FFE641A5D30
[LOG] SystemI::createSoundInternal             : exinfo->fileuserdata       = 0000024D0D8804E8
[LOG] SystemI::createSoundInternal             : exinfo->initialseekpostype = 1
[LOG] SystemI::DSPCodecPoolRegister            : register codec pool for pool type 5
[LOG] SystemI::createSoundInternal             : Sample 0/1: name='Keys_Tapis_V2', format=5, channels=2, frequency=48000, lengthbytes=8064, lengthpcm=78994, pcmblocksize=0, loopstart=0, loopend=0, mode=0x00000000, channelmask=0x00000000, channelorder=0, peakvolume=0.313232.
[LOG] SystemI::createSoundInternal             : Create name='', mode=0x02000202
[LOG] SystemI::createSoundInternal             : exinfo->cbsize             = 224
[LOG] SystemI::createSoundInternal             : exinfo->length             = 951136
[LOG] SystemI::createSoundInternal             : exinfo->fileoffset         = 88864
[LOG] SystemI::createSoundInternal             : exinfo->numsubsounds       = 1
[LOG] SystemI::createSoundInternal             : exinfo->inclusionlist      = 000000B67396ED98
[LOG] SystemI::createSoundInternal             : exinfo->inclusionlistnum   = 1
[LOG] SystemI::createSoundInternal             : exinfo->suggestedsoundtype = 5
[LOG] SystemI::createSoundInternal             : exinfo->useropen           = 00007FFE641A5B90
[LOG] SystemI::createSoundInternal             : exinfo->userclose          = 00007FFE641A5B50
[LOG] SystemI::createSoundInternal             : exinfo->userread           = 00007FFE641A5C70
[LOG] SystemI::createSoundInternal             : exinfo->userseek           = 00007FFE641A5D30
[LOG] SystemI::createSoundInternal             : exinfo->fileuserdata       = 0000024D0D8804E8
[LOG] SystemI::createSoundInternal             : exinfo->initialseekpostype = 1
[LOG] SystemI::DSPCodecPoolRegister            : register codec pool for pool type 5
[LOG] SystemI::createSoundInternal             : Sample 0/1: name='Keys_Tapis_V1', format=5, channels=2, frequency=48000, lengthbytes=8928, lengthpcm=78994, pcmblocksize=0, loopstart=0, loopend=0, mode=0x00000000, channelmask=0x00000000, channelorder=0, peakvolume=0.670105.
[LOG] SystemI::createSoundInternal             : Create name='', mode=0x02000202
[LOG] SystemI::createSoundInternal             : exinfo->cbsize             = 224
[LOG] SystemI::createSoundInternal             : exinfo->length             = 951136
[LOG] SystemI::createSoundInternal             : exinfo->fileoffset         = 88864
[LOG] SystemI::createSoundInternal             : exinfo->numsubsounds       = 1
[LOG] SystemI::createSoundInternal             : exinfo->inclusionlist      = 000000B67396ED98
[LOG] SystemI::createSoundInternal             : exinfo->inclusionlistnum   = 1
[LOG] SystemI::createSoundInternal             : exinfo->suggestedsoundtype = 5
[LOG] SystemI::createSoundInternal             : exinfo->useropen           = 00007FFE641A5B90
[LOG] SystemI::createSoundInternal             : exinfo->userclose          = 00007FFE641A5B50
[LOG] SystemI::createSoundInternal             : exinfo->userread           = 00007FFE641A5C70
[LOG] SystemI::createSoundInternal             : exinfo->userseek           = 00007FFE641A5D30
[LOG] SystemI::createSoundInternal             : exinfo->fileuserdata       = 0000024D0D8804E8
[LOG] SystemI::createSoundInternal             : exinfo->initialseekpostype = 1
[LOG] SystemI::DSPCodecPoolRegister            : register codec pool for pool type 5
[LOG] SystemI::createSoundInternal             : Sample 0/1: name='Keys_Bois_V4', format=5, channels=2, frequency=48000, lengthbytes=4960, lengthpcm=70217, pcmblocksize=0, loopstart=0, loopend=0, mode=0x00000000, channelmask=0x00000000, channelorder=0, peakvolume=0.922577.
[LOG] SystemI::createSoundInternal             : Create name='', mode=0x02000202
[LOG] SystemI::createSoundInternal             : exinfo->cbsize             = 224
[LOG] SystemI::createSoundInternal             : exinfo->length             = 951136
[LOG] SystemI::createSoundInternal             : exinfo->fileoffset         = 88864
[LOG] SystemI::createSoundInternal             : exinfo->numsubsounds       = 1
[LOG] SystemI::createSoundInternal             : exinfo->inclusionlist      = 000000B67396ED98
[LOG] SystemI::createSoundInternal             : exinfo->inclusionlistnum   = 1
[LOG] SystemI::createSoundInternal             : exinfo->suggestedsoundtype = 5
[LOG] SystemI::createSoundInternal             : exinfo->useropen           = 00007FFE641A5B90
[LOG] SystemI::createSoundInternal             : exinfo->userclose          = 00007FFE641A5B50
[LOG] SystemI::createSoundInternal             : exinfo->userread           = 00007FFE641A5C70
[LOG] SystemI::createSoundInternal             : exinfo->userseek           = 00007FFE641A5D30
[LOG] SystemI::createSoundInternal             : exinfo->fileuserdata       = 0000024D0D880908
[LOG] SystemI::createSoundInternal             : exinfo->initialseekpostype = 1
[LOG] SystemI::DSPCodecPoolRegister            : register codec pool for pool type 5
[LOG] SystemI::createSoundInternal             : Sample 0/1: name='Poele_Bois_V2', format=5, channels=2, frequency=48000, lengthbytes=15360, lengthpcm=126641, pcmblocksize=0, loopstart=0, loopend=0, mode=0x00000000, channelmask=0x00000000, channelorder=0, peakvolume=0.395782.
[LOG] SystemI::createSoundInternal             : Create name='', mode=0x02000202
[LOG] SystemI::createSoundInternal             : exinfo->cbsize             = 224
[LOG] SystemI::createSoundInternal             : exinfo->length             = 951136
[LOG] SystemI::createSoundInternal             : exinfo->fileoffset         = 88864
[LOG] SystemI::createSoundInternal             : exinfo->numsubsounds       = 1
[LOG] SystemI::createSoundInternal             : exinfo->inclusionlist      = 000000B67396ED98
[LOG] SystemI::createSoundInternal             : exinfo->inclusionlistnum   = 1
[LOG] SystemI::createSoundInternal             : exinfo->suggestedsoundtype = 5
[LOG] SystemI::createSoundInternal             : exinfo->useropen           = 00007FFE641A5B90
[LOG] SystemI::createSoundInternal             : exinfo->userclose          = 00007FFE641A5B50
[LOG] SystemI::createSoundInternal             : exinfo->userread           = 00007FFE641A5C70
[LOG] SystemI::createSoundInternal             : exinfo->userseek           = 00007FFE641A5D30
[LOG] SystemI::createSoundInternal             : exinfo->fileuserdata       = 0000024D0D880908
[LOG] SystemI::createSoundInternal             : exinfo->initialseekpostype = 1
[LOG] SystemI::DSPCodecPoolRegister            : register codec pool for pool type 5
[LOG] SystemI::createSoundInternal             : Sample 0/1: name='Peluche_Carrelage_V3', format=5, channels=2, frequency=48000, lengthbytes=2336, lengthpcm=60186, pcmblocksize=0, loopstart=0, loopend=0, mode=0x00000000, channelmask=0x00000000, channelorder=0, peakvolume=0.093475.
[LOG] SystemI::createSoundInternal             : Create name='', mode=0x02000202
[LOG] SystemI::createSoundInternal             : exinfo->cbsize             = 224
[LOG] SystemI::createSoundInternal             : exinfo->length             = 951136
[LOG] SystemI::createSoundInternal             : exinfo->fileoffset         = 88864
[LOG] SystemI::createSoundInternal             : exinfo->numsubsounds       = 1
[LOG] SystemI::createSoundInternal             : exinfo->inclusionlist      = 000000B67396ED98
[LOG] SystemI::createSoundInternal             : exinfo->inclusionlistnum   = 1
[LOG] SystemI::createSoundInternal             : exinfo->suggestedsoundtype = 5
[LOG] SystemI::createSoundInternal             : exinfo->useropen           = 00007FFE641A5B90
[LOG] SystemI::createSoundInternal             : exinfo->userclose          = 00007FFE641A5B50
[LOG] SystemI::createSoundInternal             : exinfo->userread           = 00007FFE641A5C70
[LOG] SystemI::createSoundInternal             : exinfo->userseek           = 00007FFE641A5D30
[LOG] SystemI::createSoundInternal             : exinfo->fileuserdata       = 0000024D0D880908
[LOG] SystemI::createSoundInternal             : exinfo->initialseekpostype = 1
[LOG] SystemI::DSPCodecPoolRegister            : register codec pool for pool type 5
[LOG] SystemI::createSoundInternal             : Sample 0/1: name='Peluche_Bois_V5', format=5, channels=2, frequency=48000, lengthbytes=1952, lengthpcm=57678, pcmblocksize=0, loopstart=0, loopend=0, mode=0x00000000, channelmask=0x00000000, channelorder=0, peakvolume=0.136353.
[LOG] SystemI::createSoundInternal             : Create name='', mode=0x02000202
[LOG] SystemI::createSoundInternal             : exinfo->cbsize             = 224
[LOG] SystemI::createSoundInternal             : exinfo->length             = 951136
[LOG] SystemI::createSoundInternal             : exinfo->fileoffset         = 88864
[LOG] SystemI::createSoundInternal             : exinfo->numsubsounds       = 1
[LOG] SystemI::createSoundInternal             : exinfo->inclusionlist      = 000000B67396ED98
[LOG] SystemI::createSoundInternal             : exinfo->inclusionlistnum   = 1
[LOG] SystemI::createSoundInternal             : exinfo->suggestedsoundtype = 5
[LOG] SystemI::createSoundInternal             : exinfo->useropen           = 00007FFE641A5B90
[LOG] SystemI::createSoundInternal             : exinfo->userclose          = 00007FFE641A5B50
[LOG] SystemI::createSoundInternal             : exinfo->userread           = 00007FFE641A5C70
[LOG] SystemI::createSoundInternal             : exinfo->userseek           = 00007FFE641A5D30
[LOG] SystemI::createSoundInternal             : exinfo->fileuserdata       = 0000024D0D880908
[LOG] SystemI::createSoundInternal             : exinfo->initialseekpostype = 1
[LOG] SystemI::DSPCodecPoolRegister            : register codec pool for pool type 5
[LOG] SystemI::createSoundInternal             : Sample 0/1: name='Poele_Tapis_V4', format=5, channels=2, frequency=48000, lengthbytes=5824, lengthpcm=75232, pcmblocksize=0, loopstart=0, loopend=0, mode=0x00000000, channelmask=0x00000000, channelorder=0, peakvolume=0.101257.
[LOG] SystemI::createSoundInternal             : Create name='', mode=0x02000202
[LOG] SystemI::createSoundInternal             : exinfo->cbsize             = 224
[LOG] SystemI::createSoundInternal             : exinfo->length             = 951136
[LOG] SystemI::createSoundInternal             : exinfo->fileoffset         = 88864
[LOG] SystemI::createSoundInternal             : exinfo->numsubsounds       = 1
[LOG] SystemI::createSoundInternal             : exinfo->inclusionlist      = 000000B67396ED98
[LOG] SystemI::createSoundInternal             : exinfo->inclusionlistnum   = 1
[LOG] SystemI::createSoundInternal             : exinfo->suggestedsoundtype = 5
[LOG] SystemI::createSoundInternal             : exinfo->useropen           = 00007FFE641A5B90
[LOG] SystemI::createSoundInternal             : exinfo->userclose          = 00007FFE641A5B50
[LOG] SystemI::createSoundInternal             : exinfo->userread           = 00007FFE641A5C70
[LOG] SystemI::createSoundInternal             : exinfo->userseek           = 00007FFE641A5D30
[LOG] SystemI::createSoundInternal             : exinfo->fileuserdata       = 0000024D0D880908
[LOG] SystemI::createSoundInternal             : exinfo->initialseekpostype = 1
[LOG] SystemI::DSPCodecPoolRegister            : register codec pool for pool type 5
[LOG] SystemI::createSoundInternal             : Sample 0/1: name='Peluche_Bois_V3', format=5, channels=2, frequency=48000, lengthbytes=2208, lengthpcm=57678, pcmblocksize=0, loopstart=0, loopend=0, mode=0x00000000, channelmask=0x00000000, channelorder=0, peakvolume=0.135345.
[LOG] SystemI::createSoundInternal             : Create name='', mode=0x02000202
[LOG] SystemI::createSoundInternal             : exinfo->cbsize             = 224
[LOG] SystemI::createSoundInternal             : exinfo->length             = 951136
[LOG] SystemI::createSoundInternal             : exinfo->fileoffset         = 88864
[LOG] SystemI::createSoundInternal             : exinfo->numsubsounds       = 1
[LOG] SystemI::createSoundInternal             : exinfo->inclusionlist      = 000000B67396ED98
[LOG] SystemI::createSoundInternal             : exinfo->inclusionlistnum   = 1
[LOG] SystemI::createSoundInternal             : exinfo->suggestedsoundtype = 5
[LOG] SystemI::createSoundInternal             : exinfo->useropen           = 00007FFE641A5B90
[LOG] SystemI::createSoundInternal             : exinfo->userclose          = 00007FFE641A5B50
[LOG] SystemI::createSoundInternal             : exinfo->userread           = 00007FFE641A5C70
[LOG] SystemI::createSoundInternal             : exinfo->userseek           = 00007FFE641A5D30
[LOG] SystemI::createSoundInternal             : exinfo->fileuserdata       = 0000024D0D880908
[LOG] SystemI::createSoundInternal             : exinfo->initialseekpostype = 1
[LOG] SystemI::DSPCodecPoolRegister            : register codec pool for pool type 5
[LOG] SystemI::createSoundInternal             : Sample 0/1: name='Peluche_Carrelage_V4', format=5, channels=2, frequency=48000, lengthbytes=4800, lengthpcm=67709, pcmblocksize=0, loopstart=0, loopend=0, mode=0x00000000, channelmask=0x00000000, channelorder=0, peakvolume=0.092194.
[LOG] SystemI::createSoundInternal             : Create name='', mode=0x02000202
[LOG] SystemI::createSoundInternal             : exinfo->cbsize             = 224
[LOG] SystemI::createSoundInternal             : exinfo->length             = 951136
[LOG] SystemI::createSoundInternal             : exinfo->fileoffset         = 88864
[LOG] SystemI::createSoundInternal             : exinfo->numsubsounds       = 1
[LOG] SystemI::createSoundInternal             : exinfo->inclusionlist      = 000000B67396ED98
[LOG] SystemI::createSoundInternal             : exinfo->inclusionlistnum   = 1
[LOG] SystemI::createSoundInternal             : exinfo->suggestedsoundtype = 5
[LOG] SystemI::createSoundInternal             : exinfo->useropen           = 00007FFE641A5B90
[LOG] SystemI::createSoundInternal             : exinfo->userclose          = 00007FFE641A5B50
[LOG] SystemI::createSoundInternal             : exinfo->userread           = 00007FFE641A5C70
[LOG] SystemI::createSoundInternal             : exinfo->userseek           = 00007FFE641A5D30
[LOG] SystemI::createSoundInternal             : exinfo->fileuserdata       = 0000024D0D880908
[LOG] SystemI::createSoundInternal             : exinfo->initialseekpostype = 1
[LOG] SystemI::DSPCodecPoolRegister            : register codec pool for pool type 5
[LOG] SystemI::createSoundInternal             : Sample 0/1: name='Peluche_Carrelage_V6', format=5, channels=2, frequency=48000, lengthbytes=3584, lengthpcm=63947, pcmblocksize=0, loopstart=0, loopend=0, mode=0x00000000, channelmask=0x00000000, channelorder=0, peakvolume=0.971344.
[LOG] SystemI::createSoundInternal             : Create name='', mode=0x02000202
[LOG] SystemI::createSoundInternal             : exinfo->cbsize             = 224
[LOG] SystemI::createSoundInternal             : exinfo->length             = 951136
[LOG] SystemI::createSoundInternal             : exinfo->fileoffset         = 88864
[LOG] SystemI::createSoundInternal             : exinfo->numsubsounds       = 1
[LOG] SystemI::createSoundInternal             : exinfo->inclusionlist      = 000000B67396ED98
[LOG] SystemI::createSoundInternal             : exinfo->inclusionlistnum   = 1
[LOG] SystemI::createSoundInternal             : exinfo->suggestedsoundtype = 5
[LOG] SystemI::createSoundInternal             : exinfo->useropen           = 00007FFE641A5B90
[LOG] SystemI::createSoundInternal             : exinfo->userclose          = 00007FFE641A5B50
[LOG] SystemI::createSoundInternal             : exinfo->userread           = 00007FFE641A5C70
[LOG] SystemI::createSoundInternal             : exinfo->userseek           = 00007FFE641A5D30
[LOG] SystemI::createSoundInternal             : exinfo->fileuserdata       = 0000024D0D880908
[LOG] SystemI::createSoundInternal             : exinfo->initialseekpostype = 1
[LOG] SystemI::DSPCodecPoolRegister            : register codec pool for pool type 5
[LOG] SystemI::createSoundInternal             : Sample 0/1: name='Peluche_Tapis_V3', format=5, channels=2, frequency=48000, lengthbytes=1536, lengthpcm=55170, pcmblocksize=0, loopstart=0, loopend=0, mode=0x00000000, channelmask=0x00000000, channelorder=0, peakvolume=0.120209.
[LOG] SystemI::createSoundInternal             : Create name='', mode=0x02000202
[LOG] SystemI::createSoundInternal             : exinfo->cbsize             = 224
[LOG] SystemI::createSoundInternal             : exinfo->length             = 951136
[LOG] SystemI::createSoundInternal             : exinfo->fileoffset         = 88864
[LOG] SystemI::createSoundInternal             : exinfo->numsubsounds       = 1
[LOG] SystemI::createSoundInternal             : exinfo->inclusionlist      = 000000B67396ED98
[LOG] SystemI::createSoundInternal             : exinfo->inclusionlistnum   = 1
[LOG] SystemI::createSoundInternal             : exinfo->suggestedsoundtype = 5
[LOG] SystemI::createSoundInternal             : exinfo->useropen           = 00007FFE641A5B90
[LOG] SystemI::createSoundInternal             : exinfo->userclose          = 00007FFE641A5B50
[LOG] SystemI::createSoundInternal             : exinfo->userread           = 00007FFE641A5C70
[LOG] SystemI::createSoundInternal             : exinfo->userseek           = 00007FFE641A5D30
[LOG] SystemI::createSoundInternal             : exinfo->fileuserdata       = 0000024D0D880908
[LOG] SystemI::createSoundInternal             : exinfo->initialseekpostype = 1
[LOG] SystemI::DSPCodecPoolRegister            : register codec pool for pool type 5
[LOG] SystemI::createSoundInternal             : Sample 0/1: name='Peluche_Bois_V1', format=5, channels=2, frequency=48000, lengthbytes=1952, lengthpcm=56424, pcmblocksize=0, loopstart=0, loopend=0, mode=0x00000000, channelmask=0x00000000, channelorder=0, peakvolume=0.066925.
[LOG] SystemI::createSoundInternal             : Create name='', mode=0x02000202
[LOG] SystemI::createSoundInternal             : exinfo->cbsize             = 224
[LOG] SystemI::createSoundInternal             : exinfo->length             = 951136
[LOG] SystemI::createSoundInternal             : exinfo->fileoffset         = 88864
[LOG] SystemI::createSoundInternal             : exinfo->numsubsounds       = 1
[LOG] SystemI::createSoundInternal             : exinfo->inclusionlist      = 000000B67396ED98
[LOG] SystemI::createSoundInternal             : exinfo->inclusionlistnum   = 1
[LOG] SystemI::createSoundInternal             : exinfo->suggestedsoundtype = 5
[LOG] SystemI::createSoundInternal             : exinfo->useropen           = 00007FFE641A5B90
[LOG] SystemI::createSoundInternal             : exinfo->userclose          = 00007FFE641A5B50
[LOG] SystemI::createSoundInternal             : exinfo->userread           = 00007FFE641A5C70
[LOG] SystemI::createSoundInternal             : exinfo->userseek           = 00007FFE641A5D30
[LOG] SystemI::createSoundInternal             : exinfo->fileuserdata       = 0000024D0D880908
[LOG] SystemI::createSoundInternal             : exinfo->initialseekpostype = 1
[LOG] SystemI::DSPCodecPoolRegister            : register codec pool for pool type 5
[LOG] SystemI::createSoundInternal             : Sample 0/1: name='Poele_Tapis_V2', format=5, channels=2, frequency=48000, lengthbytes=1728, lengthpcm=57678, pcmblocksize=0, loopstart=0, loopend=0, mode=0x00000000, channelmask=0x00000000, channelorder=0, peakvolume=0.068695.
[LOG] SystemI::createSoundInternal             : Create name='', mode=0x02000202
[LOG] SystemI::createSoundInternal             : exinfo->cbsize             = 224
[LOG] SystemI::createSoundInternal             : exinfo->length             = 951136
[LOG] SystemI::createSoundInternal             : exinfo->fileoffset         = 88864
[LOG] SystemI::createSoundInternal             : exinfo->numsubsounds       = 1
[LOG] SystemI::createSoundInternal             : exinfo->inclusionlist      = 000000B67396ED98
[LOG] SystemI::createSoundInternal             : exinfo->inclusionlistnum   = 1
[LOG] SystemI::createSoundInternal             : exinfo->suggestedsoundtype = 5
[LOG] SystemI::createSoundInternal             : exinfo->useropen           = 00007FFE641A5B90
[LOG] SystemI::createSoundInternal             : exinfo->userclose          = 00007FFE641A5B50
[LOG] SystemI::createSoundInternal             : exinfo->userread           = 00007FFE641A5C70
[LOG] SystemI::createSoundInternal             : exinfo->userseek           = 00007FFE641A5D30
[LOG] SystemI::createSoundInternal             : exinfo->fileuserdata       = 0000024D0D880908
[LOG] SystemI::createSoundInternal             : exinfo->initialseekpostype = 1
[LOG] SystemI::DSPCodecPoolRegister            : register codec pool for pool type 5
[LOG] SystemI::createSoundInternal             : Sample 0/1: name='Peluche_Bois_V2', format=5, channels=2, frequency=48000, lengthbytes=3040, lengthpcm=62693, pcmblocksize=0, loopstart=0, loopend=0, mode=0x00000000, channelmask=0x00000000, channelorder=0, peakvolume=0.385529.
[LOG] SystemI::createSoundInternal             : Create name='', mode=0x02000202
[LOG] SystemI::createSoundInternal             : exinfo->cbsize             = 224
[LOG] SystemI::createSoundInternal             : exinfo->length             = 951136
[LOG] SystemI::createSoundInternal             : exinfo->fileoffset         = 88864
[LOG] SystemI::createSoundInternal             : exinfo->numsubsounds       = 1
[LOG] SystemI::createSoundInternal             : exinfo->inclusionlist      = 000000B67396ED98
[LOG] SystemI::createSoundInternal             : exinfo->inclusionlistnum   = 1
[LOG] SystemI::createSoundInternal             : exinfo->suggestedsoundtype = 5
[LOG] SystemI::createSoundInternal             : exinfo->useropen           = 00007FFE641A5B90
[LOG] SystemI::createSoundInternal             : exinfo->userclose          = 00007FFE641A5B50
[LOG] SystemI::createSoundInternal             : exinfo->userread           = 00007FFE641A5C70
[LOG] SystemI::createSoundInternal             : exinfo->userseek           = 00007FFE641A5D30
[LOG] SystemI::createSoundInternal             : exinfo->fileuserdata       = 0000024D0D880908
[LOG] SystemI::createSoundInternal             : exinfo->initialseekpostype = 1
[LOG] SystemI::DSPCodecPoolRegister            : register codec pool for pool type 5
[LOG] SystemI::createSoundInternal             : Sample 0/1: name='Peluche_Carrelage_V5', format=5, channels=2, frequency=48000, lengthbytes=1856, lengthpcm=57678, pcmblocksize=0, loopstart=0, loopend=0, mode=0x00000000, channelmask=0x00000000, channelorder=0, peakvolume=0.047028.
[LOG] SystemI::createSoundInternal             : Create name='', mode=0x02000202
[LOG] SystemI::createSoundInternal             : exinfo->cbsize             = 224
[LOG] SystemI::createSoundInternal             : exinfo->length             = 951136
[LOG] SystemI::createSoundInternal             : exinfo->fileoffset         = 88864
[LOG] SystemI::createSoundInternal             : exinfo->numsubsounds       = 1
[LOG] SystemI::createSoundInternal             : exinfo->inclusionlist      = 000000B67396ED98
[LOG] SystemI::createSoundInternal             : exinfo->inclusionlistnum   = 1
[LOG] SystemI::createSoundInternal             : exinfo->suggestedsoundtype = 5
[LOG] SystemI::createSoundInternal             : exinfo->useropen           = 00007FFE641A5B90
[LOG] SystemI::createSoundInternal             : exinfo->userclose          = 00007FFE641A5B50
[LOG] SystemI::createSoundInternal             : exinfo->userread           = 00007FFE641A5C70
[LOG] SystemI::createSoundInternal             : exinfo->userseek           = 00007FFE641A5D30
[LOG] SystemI::createSoundInternal             : exinfo->fileuserdata       = 0000024D0D880908
[LOG] SystemI::createSoundInternal             : exinfo->initialseekpostype = 1
[LOG] SystemI::DSPCodecPoolRegister            : register codec pool for pool type 5
[LOG] SystemI::createSoundInternal             : Sample 0/1: name='Poele_Bois_V1', format=5, channels=2, frequency=48000, lengthbytes=8416, lengthpcm=90279, pcmblocksize=0, loopstart=0, loopend=0, mode=0x00000000, channelmask=0x00000000, channelorder=0, peakvolume=0.475220.
[LOG] SystemI::createSoundInternal             : Create name='', mode=0x02000202
[LOG] SystemI::createSoundInternal             : exinfo->cbsize             = 224
[LOG] SystemI::createSoundInternal             : exinfo->length             = 951136
[LOG] SystemI::createSoundInternal             : exinfo->fileoffset         = 88864
[LOG] SystemI::createSoundInternal             : exinfo->numsubsounds       = 1
[LOG] SystemI::createSoundInternal             : exinfo->inclusionlist      = 000000B67396ED98
[LOG] SystemI::createSoundInternal             : exinfo->inclusionlistnum   = 1
[LOG] SystemI::createSoundInternal             : exinfo->suggestedsoundtype = 5
[LOG] SystemI::createSoundInternal             : exinfo->useropen           = 00007FFE641A5B90
[LOG] SystemI::createSoundInternal             : exinfo->userclose          = 00007FFE641A5B50
[LOG] SystemI::createSoundInternal             : exinfo->userread           = 00007FFE641A5C70
[LOG] SystemI::createSoundInternal             : exinfo->userseek           = 00007FFE641A5D30
[LOG] SystemI::createSoundInternal             : exinfo->fileuserdata       = 0000024D0D880908
[LOG] SystemI::createSoundInternal             : exinfo->initialseekpostype = 1
[LOG] SystemI::DSPCodecPoolRegister            : register codec pool for pool type 5
[LOG] SystemI::createSoundInternal             : Sample 0/1: name='Poele_Tapis_V1', format=5, channels=2, frequency=48000, lengthbytes=3232, lengthpcm=65201, pcmblocksize=0, loopstart=0, loopend=0, mode=0x00000000, channelmask=0x00000000, channelorder=0, peakvolume=0.046509.
[LOG] SystemI::createSoundInternal             : Create name='', mode=0x02000202
[LOG] SystemI::createSoundInternal             : exinfo->cbsize             = 224
[LOG] SystemI::createSoundInternal             : exinfo->length             = 951136
[LOG] SystemI::createSoundInternal             : exinfo->fileoffset         = 88864
[LOG] SystemI::createSoundInternal             : exinfo->numsubsounds       = 1
[LOG] SystemI::createSoundInternal             : exinfo->inclusionlist      = 000000B67396ED98
[LOG] SystemI::createSoundInternal             : exinfo->inclusionlistnum   = 1
[LOG] SystemI::createSoundInternal             : exinfo->suggestedsoundtype = 5
[LOG] SystemI::createSoundInternal             : exinfo->useropen           = 00007FFE641A5B90
[LOG] SystemI::createSoundInternal             : exinfo->userclose          = 00007FFE641A5B50
[LOG] SystemI::createSoundInternal             : exinfo->userread           = 00007FFE641A5C70
[LOG] SystemI::createSoundInternal             : exinfo->userseek           = 00007FFE641A5D30
[LOG] SystemI::createSoundInternal             : exinfo->fileuserdata       = 0000024D0D880908
[LOG] SystemI::createSoundInternal             : exinfo->initialseekpostype = 1
[LOG] SystemI::DSPCodecPoolRegister            : register codec pool for pool type 5
[LOG] SystemI::createSoundInternal             : Sample 0/1: name='Peluche_Tapis_V2', format=5, channels=2, frequency=48000, lengthbytes=2016, lengthpcm=58932, pcmblocksize=0, loopstart=0, loopend=0, mode=0x00000000, channelmask=0x00000000, channelorder=0, peakvolume=0.066040.
[LOG] SystemI::createSoundInternal             : Create name='', mode=0x02000202
[LOG] SystemI::createSoundInternal             : exinfo->cbsize             = 224
[LOG] SystemI::createSoundInternal             : exinfo->length             = 951136
[LOG] SystemI::createSoundInternal             : exinfo->fileoffset         = 88864
[LOG] SystemI::createSoundInternal             : exinfo->numsubsounds       = 1
[LOG] SystemI::createSoundInternal             : exinfo->inclusionlist      = 000000B67396ED98
[LOG] SystemI::createSoundInternal             : exinfo->inclusionlistnum   = 1
[LOG] SystemI::createSoundInternal             : exinfo->suggestedsoundtype = 5
[LOG] SystemI::createSoundInternal             : exinfo->useropen           = 00007FFE641A5B90
[LOG] SystemI::createSoundInternal             : exinfo->userclose          = 00007FFE641A5B50
[LOG] SystemI::createSoundInternal             : exinfo->userread           = 00007FFE641A5C70
[LOG] SystemI::createSoundInternal             : exinfo->userseek           = 00007FFE641A5D30
[LOG] SystemI::createSoundInternal             : exinfo->fileuserdata       = 0000024D0D880908
[LOG] SystemI::createSoundInternal             : exinfo->initialseekpostype = 1
[LOG] SystemI::DSPCodecPoolRegister            : register codec pool for pool type 5
[LOG] SystemI::createSoundInternal             : Sample 0/1: name='Peluche_Bois_V4', format=5, channels=2, frequency=48000, lengthbytes=2752, lengthpcm=61440, pcmblocksize=0, loopstart=0, loopend=0, mode=0x00000000, channelmask=0x00000000, channelorder=0, peakvolume=0.208405.
[LOG] SystemI::createSoundInternal             : Create name='', mode=0x02000202
[LOG] SystemI::createSoundInternal             : exinfo->cbsize             = 224
[LOG] SystemI::createSoundInternal             : exinfo->length             = 951136
[LOG] SystemI::createSoundInternal             : exinfo->fileoffset         = 88864
[LOG] SystemI::createSoundInternal             : exinfo->numsubsounds       = 1
[LOG] SystemI::createSoundInternal             : exinfo->inclusionlist      = 000000B67396ED98
[LOG] SystemI::createSoundInternal             : exinfo->inclusionlistnum   = 1
[LOG] SystemI::createSoundInternal             : exinfo->suggestedsoundtype = 5
[LOG] SystemI::createSoundInternal             : exinfo->useropen           = 00007FFE641A5B90
[LOG] SystemI::createSoundInternal             : exinfo->userclose          = 00007FFE641A5B50
[LOG] SystemI::createSoundInternal             : exinfo->userread           = 00007FFE641A5C70
[LOG] SystemI::createSoundInternal             : exinfo->userseek           = 00007FFE641A5D30
[LOG] SystemI::createSoundInternal             : exinfo->fileuserdata       = 0000024D0D880908
[LOG] SystemI::createSoundInternal             : exinfo->initialseekpostype = 1
[LOG] SystemI::DSPCodecPoolRegister            : register codec pool for pool type 5
[LOG] SystemI::createSoundInternal             : Sample 0/1: name='Peluche_Tapis_V4', format=5, channels=2, frequency=48000, lengthbytes=2208, lengthpcm=58932, pcmblocksize=0, loopstart=0, loopend=0, mode=0x00000000, channelmask=0x00000000, channelorder=0, peakvolume=0.052032.
[LOG] SystemI::createSoundInternal             : Create name='', mode=0x02000202
[LOG] SystemI::createSoundInternal             : exinfo->cbsize             = 224
[LOG] SystemI::createSoundInternal             : exinfo->length             = 951136
[LOG] SystemI::createSoundInternal             : exinfo->fileoffset         = 88864
[LOG] SystemI::createSoundInternal             : exinfo->numsubsounds       = 1
[LOG] SystemI::createSoundInternal             : exinfo->inclusionlist      = 000000B67396ED98
[LOG] SystemI::createSoundInternal             : exinfo->inclusionlistnum   = 1
[LOG] SystemI::createSoundInternal             : exinfo->suggestedsoundtype = 5
[LOG] SystemI::createSoundInternal             : exinfo->useropen           = 00007FFE641A5B90
[LOG] SystemI::createSoundInternal             : exinfo->userclose          = 00007FFE641A5B50
[LOG] SystemI::createSoundInternal             : exinfo->userread           = 00007FFE641A5C70
[LOG] SystemI::createSoundInternal             : exinfo->userseek           = 00007FFE641A5D30
[LOG] SystemI::createSoundInternal             : exinfo->fileuserdata       = 0000024D0D880908
[LOG] SystemI::createSoundInternal             : exinfo->initialseekpostype = 1
[LOG] SystemI::DSPCodecPoolRegister            : register codec pool for pool type 5
[LOG] SystemI::createSoundInternal             : Sample 0/1: name='Peluche_Carrelage_V2', format=5, channels=2, frequency=48000, lengthbytes=3360, lengthpcm=63947, pcmblocksize=0, loopstart=0, loopend=0, mode=0x00000000, channelmask=0x00000000, channelorder=0, peakvolume=0.438934.
[LOG] SystemI::createSoundInternal             : Create name='', mode=0x02000202
[LOG] SystemI::createSoundInternal             : exinfo->cbsize             = 224
[LOG] SystemI::createSoundInternal             : exinfo->length             = 951136
[LOG] SystemI::createSoundInternal             : exinfo->fileoffset         = 88864
[LOG] SystemI::createSoundInternal             : exinfo->numsubsounds       = 1
[LOG] SystemI::createSoundInternal             : exinfo->inclusionlist      = 000000B67396ED98
[LOG] SystemI::createSoundInternal             : exinfo->inclusionlistnum   = 1
[LOG] SystemI::createSoundInternal             : exinfo->suggestedsoundtype = 5
[LOG] SystemI::createSoundInternal             : exinfo->useropen           = 00007FFE641A5B90
[LOG] SystemI::createSoundInternal             : exinfo->userclose          = 00007FFE641A5B50
[LOG] SystemI::createSoundInternal             : exinfo->userread           = 00007FFE641A5C70
[LOG] SystemI::createSoundInternal             : exinfo->userseek           = 00007FFE641A5D30
[LOG] SystemI::createSoundInternal             : exinfo->fileuserdata       = 0000024D0D880908
[LOG] SystemI::createSoundInternal             : exinfo->initialseekpostype = 1
[LOG] SystemI::DSPCodecPoolRegister            : register codec pool for pool type 5
[LOG] SystemI::createSoundInternal             : Sample 0/1: name='Poele_Tapis_V3', format=5, channels=2, frequency=48000, lengthbytes=6880, lengthpcm=82755, pcmblocksize=0, loopstart=0, loopend=0, mode=0x00000000, channelmask=0x00000000, channelorder=0, peakvolume=0.077423.
[LOG] SystemI::createSoundInternal             : Create name='', mode=0x02000202
[LOG] SystemI::createSoundInternal             : exinfo->cbsize             = 224
[LOG] SystemI::createSoundInternal             : exinfo->length             = 951136
[LOG] SystemI::createSoundInternal             : exinfo->fileoffset         = 88864
[LOG] SystemI::createSoundInternal             : exinfo->numsubsounds       = 1
[LOG] SystemI::createSoundInternal             : exinfo->inclusionlist      = 000000B67396ED98
[LOG] SystemI::createSoundInternal             : exinfo->inclusionlistnum   = 1
[LOG] SystemI::createSoundInternal             : exinfo->suggestedsoundtype = 5
[LOG] SystemI::createSoundInternal             : exinfo->useropen           = 00007FFE641A5B90
[LOG] SystemI::createSoundInternal             : exinfo->userclose          = 00007FFE641A5B50
[LOG] SystemI::createSoundInternal             : exinfo->userread           = 00007FFE641A5C70
[LOG] SystemI::createSoundInternal             : exinfo->userseek           = 00007FFE641A5D30
[LOG] SystemI::createSoundInternal             : exinfo->fileuserdata       = 0000024D0D880908
[LOG] SystemI::createSoundInternal             : exinfo->initialseekpostype = 1
[LOG] SystemI::DSPCodecPoolRegister            : register codec pool for pool type 5
[LOG] SystemI::createSoundInternal             : Sample 0/1: name='Poele_Carrelage_V2', format=5, channels=2, frequency=48000, lengthbytes=6496, lengthpcm=78994, pcmblocksize=0, loopstart=0, loopend=0, mode=0x00000000, channelmask=0x00000000, channelorder=0, peakvolume=0.902039.
[LOG] SystemI::createSoundInternal             : Create name='', mode=0x02000202
[LOG] SystemI::createSoundInternal             : exinfo->cbsize             = 224
[LOG] SystemI::createSoundInternal             : exinfo->length             = 951136
[LOG] SystemI::createSoundInternal             : exinfo->fileoffset         = 88864
[LOG] SystemI::createSoundInternal             : exinfo->numsubsounds       = 1
[LOG] SystemI::createSoundInternal             : exinfo->inclusionlist      = 000000B67396ED98
[LOG] SystemI::createSoundInternal             : exinfo->inclusionlistnum   = 1
[LOG] SystemI::createSoundInternal             : exinfo->suggestedsoundtype = 5
[LOG] SystemI::createSoundInternal             : exinfo->useropen           = 00007FFE641A5B90
[LOG] SystemI::createSoundInternal             : exinfo->userclose          = 00007FFE641A5B50
[LOG] SystemI::createSoundInternal             : exinfo->userread           = 00007FFE641A5C70
[LOG] SystemI::createSoundInternal             : exinfo->userseek           = 00007FFE641A5D30
[LOG] SystemI::createSoundInternal             : exinfo->fileuserdata       = 0000024D0D880908
[LOG] SystemI::createSoundInternal             : exinfo->initialseekpostype = 1
[LOG] SystemI::DSPCodecPoolRegister            : register codec pool for pool type 5
[LOG] SystemI::createSoundInternal             : Sample 0/1: name='Poele_Carrelage_V3', format=5, channels=2, frequency=48000, lengthbytes=7200, lengthpcm=78994, pcmblocksize=0, loopstart=0, loopend=0, mode=0x00000000, channelmask=0x00000000, channelorder=0, peakvolume=0.866608.
[LOG] SystemI::createSoundInternal             : Create name='', mode=0x02000202
[LOG] SystemI::createSoundInternal             : exinfo->cbsize             = 224
[LOG] SystemI::createSoundInternal             : exinfo->length             = 951136
[LOG] SystemI::createSoundInternal             : exinfo->fileoffset         = 88864
[LOG] SystemI::createSoundInternal             : exinfo->numsubsounds       = 1
[LOG] SystemI::createSoundInternal             : exinfo->inclusionlist      = 000000B67396ED98
[LOG] SystemI::createSoundInternal             : exinfo->inclusionlistnum   = 1
[LOG] SystemI::createSoundInternal             : exinfo->suggestedsoundtype = 5
[LOG] SystemI::createSoundInternal             : exinfo->useropen           = 00007FFE641A5B90
[LOG] SystemI::createSoundInternal             : exinfo->userclose          = 00007FFE641A5B50
[LOG] SystemI::createSoundInternal             : exinfo->userread           = 00007FFE641A5C70
[LOG] SystemI::createSoundInternal             : exinfo->userseek           = 00007FFE641A5D30
[LOG] SystemI::createSoundInternal             : exinfo->fileuserdata       = 0000024D0D880908
[LOG] SystemI::createSoundInternal             : exinfo->initialseekpostype = 1
[LOG] SystemI::DSPCodecPoolRegister            : register codec pool for pool type 5
[LOG] SystemI::createSoundInternal             : Sample 0/1: name='Poele_Carrelage_V4', format=5, channels=2, frequency=48000, lengthbytes=8864, lengthpcm=86517, pcmblocksize=0, loopstart=0, loopend=0, mode=0x00000000, channelmask=0x00000000, channelorder=0, peakvolume=0.792236.
[LOG] SystemI::createSoundInternal             : Create name='', mode=0x02000202
[LOG] SystemI::createSoundInternal             : exinfo->cbsize             = 224
[LOG] SystemI::createSoundInternal             : exinfo->length             = 951136
[LOG] SystemI::createSoundInternal             : exinfo->fileoffset         = 88864
[LOG] SystemI::createSoundInternal             : exinfo->numsubsounds       = 1
[LOG] SystemI::createSoundInternal             : exinfo->inclusionlist      = 000000B67396ED98
[LOG] SystemI::createSoundInternal             : exinfo->inclusionlistnum   = 1
[LOG] SystemI::createSoundInternal             : exinfo->suggestedsoundtype = 5
[LOG] SystemI::createSoundInternal             : exinfo->useropen           = 00007FFE641A5B90
[LOG] SystemI::createSoundInternal             : exinfo->userclose          = 00007FFE641A5B50
[LOG] SystemI::createSoundInternal             : exinfo->userread           = 00007FFE641A5C70
[LOG] SystemI::createSoundInternal             : exinfo->userseek           = 00007FFE641A5D30
[LOG] SystemI::createSoundInternal             : exinfo->fileuserdata       = 0000024D0D880908
[LOG] SystemI::createSoundInternal             : exinfo->initialseekpostype = 1
[LOG] SystemI::DSPCodecPoolRegister            : register codec pool for pool type 5
[LOG] SystemI::createSoundInternal             : Sample 0/1: name='Peluche_Carrelage_V1', format=5, channels=2, frequency=48000, lengthbytes=1760, lengthpcm=57678, pcmblocksize=0, loopstart=0, loopend=0, mode=0x00000000, channelmask=0x00000000, channelorder=0, peakvolume=0.171661.
[LOG] SystemI::createSoundInternal             : Create name='', mode=0x02000202
[LOG] SystemI::createSoundInternal             : exinfo->cbsize             = 224
[LOG] SystemI::createSoundInternal             : exinfo->length             = 951136
[LOG] SystemI::createSoundInternal             : exinfo->fileoffset         = 88864
[LOG] SystemI::createSoundInternal             : exinfo->numsubsounds       = 1
[LOG] SystemI::createSoundInternal             : exinfo->inclusionlist      = 000000B67396ED98
[LOG] SystemI::createSoundInternal             : exinfo->inclusionlistnum   = 1
[LOG] SystemI::createSoundInternal             : exinfo->suggestedsoundtype = 5
[LOG] SystemI::createSoundInternal             : exinfo->useropen           = 00007FFE641A5B90
[LOG] SystemI::createSoundInternal             : exinfo->userclose          = 00007FFE641A5B50
[LOG] SystemI::createSoundInternal             : exinfo->userread           = 00007FFE641A5C70
[LOG] SystemI::createSoundInternal             : exinfo->userseek           = 00007FFE641A5D30
[LOG] SystemI::createSoundInternal             : exinfo->fileuserdata       = 0000024D0D880908
[LOG] SystemI::createSoundInternal             : exinfo->initialseekpostype = 1
[LOG] SystemI::DSPCodecPoolRegister            : register codec pool for pool type 5
[LOG] SystemI::createSoundInternal             : Sample 0/1: name='Poele_Bois_V3', format=5, channels=2, frequency=48000, lengthbytes=7712, lengthpcm=87771, pcmblocksize=0, loopstart=0, loopend=0, mode=0x00000000, channelmask=0x00000000, channelorder=0, peakvolume=0.521545.
[LOG] SystemI::createSoundInternal             : Create name='', mode=0x02000202
[LOG] SystemI::createSoundInternal             : exinfo->cbsize             = 224
[LOG] SystemI::createSoundInternal             : exinfo->length             = 951136
[LOG] SystemI::createSoundInternal             : exinfo->fileoffset         = 88864
[LOG] SystemI::createSoundInternal             : exinfo->numsubsounds       = 1
[LOG] SystemI::createSoundInternal             : exinfo->inclusionlist      = 000000B67396ED98
[LOG] SystemI::createSoundInternal             : exinfo->inclusionlistnum   = 1
[LOG] SystemI::createSoundInternal             : exinfo->suggestedsoundtype = 5
[LOG] SystemI::createSoundInternal             : exinfo->useropen           = 00007FFE641A5B90
[LOG] SystemI::createSoundInternal             : exinfo->userclose          = 00007FFE641A5B50
[LOG] SystemI::createSoundInternal             : exinfo->userread           = 00007FFE641A5C70
[LOG] SystemI::createSoundInternal             : exinfo->userseek           = 00007FFE641A5D30
[LOG] SystemI::createSoundInternal             : exinfo->fileuserdata       = 0000024D0D880908
[LOG] SystemI::createSoundInternal             : exinfo->initialseekpostype = 1
[LOG] SystemI::DSPCodecPoolRegister            : register codec pool for pool type 5
[LOG] SystemI::createSoundInternal             : Sample 0/1: name='Peluche_Tapis_V1', format=5, channels=2, frequency=48000, lengthbytes=1120, lengthpcm=52662, pcmblocksize=0, loopstart=0, loopend=0, mode=0x00000000, channelmask=0x00000000, channelorder=0, peakvolume=0.055359.
[LOG] SystemI::createSoundInternal             : Create name='', mode=0x02000202
[LOG] SystemI::createSoundInternal             : exinfo->cbsize             = 224
[LOG] SystemI::createSoundInternal             : exinfo->length             = 951136
[LOG] SystemI::createSoundInternal             : exinfo->fileoffset         = 88864
[LOG] SystemI::createSoundInternal             : exinfo->numsubsounds       = 1
[LOG] SystemI::createSoundInternal             : exinfo->inclusionlist      = 000000B67396ED98
[LOG] SystemI::createSoundInternal             : exinfo->inclusionlistnum   = 1
[LOG] SystemI::createSoundInternal             : exinfo->suggestedsoundtype = 5
[LOG] SystemI::createSoundInternal             : exinfo->useropen           = 00007FFE641A5B90
[LOG] SystemI::createSoundInternal             : exinfo->userclose          = 00007FFE641A5B50
[LOG] SystemI::createSoundInternal             : exinfo->userread           = 00007FFE641A5C70
[LOG] SystemI::createSoundInternal             : exinfo->userseek           = 00007FFE641A5D30
[LOG] SystemI::createSoundInternal             : exinfo->fileuserdata       = 0000024D0D880908
[LOG] SystemI::createSoundInternal             : exinfo->initialseekpostype = 1
[LOG] SystemI::DSPCodecPoolRegister            : register codec pool for pool type 5
[LOG] SystemI::createSoundInternal             : Sample 0/1: name='Poele_Carrelage_V1', format=5, channels=2, frequency=48000, lengthbytes=6112, lengthpcm=76486, pcmblocksize=0, loopstart=0, loopend=0, mode=0x00000000, channelmask=0x00000000, channelorder=0, peakvolume=0.857880.
[LOG] SystemI::createSoundInternal             : Create name='', mode=0x02000202
[LOG] SystemI::createSoundInternal             : exinfo->cbsize             = 224
[LOG] SystemI::createSoundInternal             : exinfo->length             = 2226080
[LOG] SystemI::createSoundInternal             : exinfo->fileoffset         = 41920
[LOG] SystemI::createSoundInternal             : exinfo->numsubsounds       = 1
[LOG] SystemI::createSoundInternal             : exinfo->inclusionlist      = 000000B67396ED98
[LOG] SystemI::createSoundInternal             : exinfo->inclusionlistnum   = 1
[LOG] SystemI::createSoundInternal             : exinfo->suggestedsoundtype = 5
[LOG] SystemI::createSoundInternal             : exinfo->useropen           = 00007FFE641A5B90
[LOG] SystemI::createSoundInternal             : exinfo->userclose          = 00007FFE641A5B50
[LOG] SystemI::createSoundInternal             : exinfo->userread           = 00007FFE641A5C70
[LOG] SystemI::createSoundInternal             : exinfo->userseek           = 00007FFE641A5D30
[LOG] SystemI::createSoundInternal             : exinfo->fileuserdata       = 0000024D0D880B18
[LOG] SystemI::createSoundInternal             : exinfo->initialseekpostype = 1
[LOG] SystemI::DSPCodecPoolRegister            : register codec pool for pool type 5
[LOG] SystemI::createSoundInternal             : Sample 0/1: name='MAMAN_Pas_DEreverb_V9', format=5, channels=2, frequency=48000, lengthbytes=992, lengthpcm=55170, pcmblocksize=0, loopstart=0, loopend=0, mode=0x00000000, channelmask=0x00000000, channelorder=0, peakvolume=0.019440.
[LOG] SystemI::createSoundInternal             : Create name='', mode=0x02000202
[LOG] SystemI::createSoundInternal             : exinfo->cbsize             = 224
[LOG] SystemI::createSoundInternal             : exinfo->length             = 2226080
[LOG] SystemI::createSoundInternal             : exinfo->fileoffset         = 41920
[LOG] SystemI::createSoundInternal             : exinfo->numsubsounds       = 1
[LOG] SystemI::createSoundInternal             : exinfo->inclusionlist      = 000000B67396ED98
[LOG] SystemI::createSoundInternal             : exinfo->inclusionlistnum   = 1
[LOG] SystemI::createSoundInternal             : exinfo->suggestedsoundtype = 5
[LOG] SystemI::createSoundInternal             : exinfo->useropen           = 00007FFE641A5B90
[LOG] SystemI::createSoundInternal             : exinfo->userclose          = 00007FFE641A5B50
[LOG] SystemI::createSoundInternal             : exinfo->userread           = 00007FFE641A5C70
[LOG] SystemI::createSoundInternal             : exinfo->userseek           = 00007FFE641A5D30
[LOG] SystemI::createSoundInternal             : exinfo->fileuserdata       = 0000024D0D880B18
[LOG] SystemI::createSoundInternal             : exinfo->initialseekpostype = 1
[LOG] SystemI::DSPCodecPoolRegister            : register codec pool for pool type 5
[LOG] SystemI::createSoundInternal             : Sample 0/1: name='MAMAN_Pas_REVERB_V5', format=5, channels=2, frequency=48000, lengthbytes=10944, lengthpcm=55170, pcmblocksize=0, loopstart=0, loopend=0, mode=0x00000000, channelmask=0x00000000, channelorder=0, peakvolume=0.055084.
[LOG] SystemI::createSoundInternal             : Create name='', mode=0x02000202
[LOG] SystemI::createSoundInternal             : exinfo->cbsize             = 224
[LOG] SystemI::createSoundInternal             : exinfo->length             = 2226080
[LOG] SystemI::createSoundInternal             : exinfo->fileoffset         = 41920
[LOG] SystemI::createSoundInternal             : exinfo->numsubsounds       = 1
[LOG] SystemI::createSoundInternal             : exinfo->inclusionlist      = 000000B67396ED98
[LOG] SystemI::createSoundInternal             : exinfo->inclusionlistnum   = 1
[LOG] SystemI::createSoundInternal             : exinfo->suggestedsoundtype = 5
[LOG] SystemI::createSoundInternal             : exinfo->useropen           = 00007FFE641A5B90
[LOG] SystemI::createSoundInternal             : exinfo->userclose          = 00007FFE641A5B50
[LOG] SystemI::createSoundInternal             : exinfo->userread           = 00007FFE641A5C70
[LOG] SystemI::createSoundInternal             : exinfo->userseek           = 00007FFE641A5D30
[LOG] SystemI::createSoundInternal             : exinfo->fileuserdata       = 0000024D0D880B18
[LOG] SystemI::createSoundInternal             : exinfo->initialseekpostype = 1
[LOG] SystemI::DSPCodecPoolRegister            : register codec pool for pool type 5
[LOG] SystemI::createSoundInternal             : Sample 0/1: name='MAMAN_Pas_V1', format=5, channels=2, frequency=48000, lengthbytes=2784, lengthpcm=65201, pcmblocksize=0, loopstart=0, loopend=0, mode=0x00000000, channelmask=0x00000000, channelorder=0, peakvolume=0.127350.
[LOG] SystemI::createSoundInternal             : Create name='', mode=0x02000202
[LOG] SystemI::createSoundInternal             : exinfo->cbsize             = 224
[LOG] SystemI::createSoundInternal             : exinfo->length             = 2226080
[LOG] SystemI::createSoundInternal             : exinfo->fileoffset         = 41920
[LOG] SystemI::createSoundInternal             : exinfo->numsubsounds       = 1
[LOG] SystemI::createSoundInternal             : exinfo->inclusionlist      = 000000B67396ED98
[LOG] SystemI::createSoundInternal             : exinfo->inclusionlistnum   = 1
[LOG] SystemI::createSoundInternal             : exinfo->suggestedsoundtype = 5
[LOG] SystemI::createSoundInternal             : exinfo->useropen           = 00007FFE641A5B90
[LOG] SystemI::createSoundInternal             : exinfo->userclose          = 00007FFE641A5B50
[LOG] SystemI::createSoundInternal             : exinfo->userread           = 00007FFE641A5C70
[LOG] SystemI::createSoundInternal             : exinfo->userseek           = 00007FFE641A5D30
[LOG] SystemI::createSoundInternal             : exinfo->fileuserdata       = 0000024D0D880B18
[LOG] SystemI::createSoundInternal             : exinfo->initialseekpostype = 1
[LOG] SystemI::DSPCodecPoolRegister            : register codec pool for pool type 5
[LOG] SystemI::createSoundInternal             : Sample 0/1: name='MAMAN_Pas_DEreverb_V10', format=5, channels=2, frequency=48000, lengthbytes=832, lengthpcm=55170, pcmblocksize=0, loopstart=0, loopend=0, mode=0x00000000, channelmask=0x00000000, channelorder=0, peakvolume=0.007202.
[LOG] SystemI::createSoundInternal             : Create name='', mode=0x02000202
[LOG] SystemI::createSoundInternal             : exinfo->cbsize             = 224
[LOG] SystemI::createSoundInternal             : exinfo->length             = 2226080
[LOG] SystemI::createSoundInternal             : exinfo->fileoffset         = 41920
[LOG] SystemI::createSoundInternal             : exinfo->numsubsounds       = 1
[LOG] SystemI::createSoundInternal             : exinfo->inclusionlist      = 000000B67396ED98
[LOG] SystemI::createSoundInternal             : exinfo->inclusionlistnum   = 1
[LOG] SystemI::createSoundInternal             : exinfo->suggestedsoundtype = 5
[LOG] SystemI::createSoundInternal             : exinfo->useropen           = 00007FFE641A5B90
[LOG] SystemI::createSoundInternal             : exinfo->userclose          = 00007FFE641A5B50
[LOG] SystemI::createSoundInternal             : exinfo->userread           = 00007FFE641A5C70
[LOG] SystemI::createSoundInternal             : exinfo->userseek           = 00007FFE641A5D30
[LOG] SystemI::createSoundInternal             : exinfo->fileuserdata       = 0000024D0D880B18
[LOG] SystemI::createSoundInternal             : exinfo->initialseekpostype = 1
[LOG] SystemI::DSPCodecPoolRegister            : register codec pool for pool type 5
[LOG] SystemI::createSoundInternal             : Sample 0/1: name='MAMAN_Pas_REVERB_V8', format=5, channels=2, frequency=48000, lengthbytes=10624, lengthpcm=55170, pcmblocksize=0, loopstart=0, loopend=0, mode=0x00000000, channelmask=0x00000000, channelorder=0, peakvolume=0.070679.
[LOG] SystemI::createSoundInternal             : Create name='', mode=0x02000202
[LOG] SystemI::createSoundInternal             : exinfo->cbsize             = 224
[LOG] SystemI::createSoundInternal             : exinfo->length             = 2226080
[LOG] SystemI::createSoundInternal             : exinfo->fileoffset         = 41920
[LOG] SystemI::createSoundInternal             : exinfo->numsubsounds       = 1
[LOG] SystemI::createSoundInternal             : exinfo->inclusionlist      = 000000B67396ED98
[LOG] SystemI::createSoundInternal             : exinfo->inclusionlistnum   = 1
[LOG] SystemI::createSoundInternal             : exinfo->suggestedsoundtype = 5
[LOG] SystemI::createSoundInternal             : exinfo->useropen           = 00007FFE641A5B90
[LOG] SystemI::createSoundInternal             : exinfo->userclose          = 00007FFE641A5B50
[LOG] SystemI::createSoundInternal             : exinfo->userread           = 00007FFE641A5C70
[LOG] SystemI::createSoundInternal             : exinfo->userseek           = 00007FFE641A5D30
[LOG] SystemI::createSoundInternal             : exinfo->fileuserdata       = 0000024D0D880B18
[LOG] SystemI::createSoundInternal             : exinfo->initialseekpostype = 1
[LOG] SystemI::DSPCodecPoolRegister            : register codec pool for pool type 5
[LOG] SystemI::createSoundInternal             : Sample 0/1: name='MAMAN_Pas_REVERB_V3', format=5, channels=2, frequency=48000, lengthbytes=10784, lengthpcm=53916, pcmblocksize=0, loopstart=0, loopend=0, mode=0x00000000, channelmask=0x00000000, channelorder=0, peakvolume=0.091400.
[LOG] SystemI::createSoundInternal             : Create name='', mode=0x02000202
[LOG] SystemI::createSoundInternal             : exinfo->cbsize             = 224
[LOG] SystemI::createSoundInternal             : exinfo->length             = 2226080
[LOG] SystemI::createSoundInternal             : exinfo->fileoffset         = 41920
[LOG] SystemI::createSoundInternal             : exinfo->numsubsounds       = 1
[LOG] SystemI::createSoundInternal             : exinfo->inclusionlist      = 000000B67396ED98
[LOG] SystemI::createSoundInternal             : exinfo->inclusionlistnum   = 1
[LOG] SystemI::createSoundInternal             : exinfo->suggestedsoundtype = 5
[LOG] SystemI::createSoundInternal             : exinfo->useropen           = 00007FFE641A5B90
[LOG] SystemI::createSoundInternal             : exinfo->userclose          = 00007FFE641A5B50
[LOG] SystemI::createSoundInternal             : exinfo->userread           = 00007FFE641A5C70
[LOG] SystemI::createSoundInternal             : exinfo->userseek           = 00007FFE641A5D30
[LOG] SystemI::createSoundInternal             : exinfo->fileuserdata       = 0000024D0D880B18
[LOG] SystemI::createSoundInternal             : exinfo->initialseekpostype = 1
[LOG] SystemI::DSPCodecPoolRegister            : register codec pool for pool type 5
[LOG] SystemI::createSoundInternal             : Sample 0/1: name='MAMAN_Pas_V10', format=5, channels=2, frequency=48000, lengthbytes=1056, lengthpcm=55170, pcmblocksize=0, loopstart=0, loopend=0, mode=0x00000000, channelmask=0x00000000, channelorder=0, peakvolume=0.017944.
[LOG] SystemI::createSoundInternal             : Create name='', mode=0x02000202
[LOG] SystemI::createSoundInternal             : exinfo->cbsize             = 224
[LOG] SystemI::createSoundInternal             : exinfo->length             = 2226080
[LOG] SystemI::createSoundInternal             : exinfo->fileoffset         = 41920
[LOG] SystemI::createSoundInternal             : exinfo->numsubsounds       = 1
[LOG] SystemI::createSoundInternal             : exinfo->inclusionlist      = 000000B67396ED98
[LOG] SystemI::createSoundInternal             : exinfo->inclusionlistnum   = 1
[LOG] SystemI::createSoundInternal             : exinfo->suggestedsoundtype = 5
[LOG] SystemI::createSoundInternal             : exinfo->useropen           = 00007FFE641A5B90
[LOG] SystemI::createSoundInternal             : exinfo->userclose          = 00007FFE641A5B50
[LOG] SystemI::createSoundInternal             : exinfo->userread           = 00007FFE641A5C70
[LOG] SystemI::createSoundInternal             : exinfo->userseek           = 00007FFE641A5D30
[LOG] SystemI::createSoundInternal             : exinfo->fileuserdata       = 0000024D0D880B18
[LOG] SystemI::createSoundInternal             : exinfo->initialseekpostype = 1
[LOG] SystemI::DSPCodecPoolRegister            : register codec pool for pool type 5
[LOG] SystemI::createSoundInternal             : Sample 0/1: name='MAMAN_Pas_DEreverb_V1', format=5, channels=2, frequency=48000, lengthbytes=2560, lengthpcm=65201, pcmblocksize=0, loopstart=0, loopend=0, mode=0x00000000, channelmask=0x00000000, channelorder=0, peakvolume=0.049957.
[LOG] SystemI::createSoundInternal             : Create name='', mode=0x02000202
[LOG] SystemI::createSoundInternal             : exinfo->cbsize             = 224
[LOG] SystemI::createSoundInternal             : exinfo->length             = 2226080
[LOG] SystemI::createSoundInternal             : exinfo->fileoffset         = 41920
[LOG] SystemI::createSoundInternal             : exinfo->numsubsounds       = 1
[LOG] SystemI::createSoundInternal             : exinfo->inclusionlist      = 000000B67396ED98
[LOG] SystemI::createSoundInternal             : exinfo->inclusionlistnum   = 1
[LOG] SystemI::createSoundInternal             : exinfo->suggestedsoundtype = 5
[LOG] SystemI::createSoundInternal             : exinfo->useropen           = 00007FFE641A5B90
[LOG] SystemI::createSoundInternal             : exinfo->userclose          = 00007FFE641A5B50
[LOG] SystemI::createSoundInternal             : exinfo->userread           = 00007FFE641A5C70
[LOG] SystemI::createSoundInternal             : exinfo->userseek           = 00007FFE641A5D30
[LOG] SystemI::createSoundInternal             : exinfo->fileuserdata       = 0000024D0D880B18
[LOG] SystemI::createSoundInternal             : exinfo->initialseekpostype = 1
[LOG] SystemI::DSPCodecPoolRegister            : register codec pool for pool type 5
[LOG] SystemI::createSoundInternal             : Sample 0/1: name='MAMAN_Pas_V9', format=5, channels=2, frequency=48000, lengthbytes=1216, lengthpcm=55170, pcmblocksize=0, loopstart=0, loopend=0, mode=0x00000000, channelmask=0x00000000, channelorder=0, peakvolume=0.048798.
[LOG] SystemI::createSoundInternal             : Create name='', mode=0x02000202
[LOG] SystemI::createSoundInternal             : exinfo->cbsize             = 224
[LOG] SystemI::createSoundInternal             : exinfo->length             = 2226080
[LOG] SystemI::createSoundInternal             : exinfo->fileoffset         = 41920
[LOG] SystemI::createSoundInternal             : exinfo->numsubsounds       = 1
[LOG] SystemI::createSoundInternal             : exinfo->inclusionlist      = 000000B67396ED98
[LOG] SystemI::createSoundInternal             : exinfo->inclusionlistnum   = 1
[LOG] SystemI::createSoundInternal             : exinfo->suggestedsoundtype = 5
[LOG] SystemI::createSoundInternal             : exinfo->useropen           = 00007FFE641A5B90
[LOG] SystemI::createSoundInternal             : exinfo->userclose          = 00007FFE641A5B50
[LOG] SystemI::createSoundInternal             : exinfo->userread           = 00007FFE641A5C70
[LOG] SystemI::createSoundInternal             : exinfo->userseek           = 00007FFE641A5D30
[LOG] SystemI::createSoundInternal             : exinfo->fileuserdata       = 0000024D0D880B18
[LOG] SystemI::createSoundInternal             : exinfo->initialseekpostype = 1
[LOG] SystemI::DSPCodecPoolRegister            : register codec pool for pool type 5
[LOG] SystemI::createSoundInternal             : Sample 0/1: name='MAMAN_Pas_REVERB_V9', format=5, channels=2, frequency=48000, lengthbytes=11040, lengthpcm=55170, pcmblocksize=0, loopstart=0, loopend=0, mode=0x00000000, channelmask=0x00000000, channelorder=0, peakvolume=0.113953.
[LOG] SystemI::createSoundInternal             : Create name='', mode=0x02000202
[LOG] SystemI::createSoundInternal             : exinfo->cbsize             = 224
[LOG] SystemI::createSoundInternal             : exinfo->length             = 2226080
[LOG] SystemI::createSoundInternal             : exinfo->fileoffset         = 41920
[LOG] SystemI::createSoundInternal             : exinfo->numsubsounds       = 1
[LOG] SystemI::createSoundInternal             : exinfo->inclusionlist      = 000000B67396ED98
[LOG] SystemI::createSoundInternal             : exinfo->inclusionlistnum   = 1
[LOG] SystemI::createSoundInternal             : exinfo->suggestedsoundtype = 5
[LOG] SystemI::createSoundInternal             : exinfo->useropen           = 00007FFE641A5B90
[LOG] SystemI::createSoundInternal             : exinfo->userclose          = 00007FFE641A5B50
[LOG] SystemI::createSoundInternal             : exinfo->userread           = 00007FFE641A5C70
[LOG] SystemI::createSoundInternal             : exinfo->userseek           = 00007FFE641A5D30
[LOG] SystemI::createSoundInternal             : exinfo->fileuserdata       = 0000024DA533F958
[LOG] SystemI::createSoundInternal             : exinfo->initialseekpostype = 1
[LOG] SystemI::DSPCodecPoolRegister            : register codec pool for pool type 5
[LOG] SystemI::createSoundInternal             : Sample 0/1: name='echovar4', format=5, channels=2, frequency=48000, lengthbytes=1984, lengthpcm=5232, pcmblocksize=0, loopstart=0, loopend=0, mode=0x00000000, channelmask=0x00000000, channelorder=0, peakvolume=0.411987.
[LOG] SystemI::createSoundInternal             : Create name='', mode=0x02000202
[LOG] SystemI::createSoundInternal             : exinfo->cbsize             = 224
[LOG] SystemI::createSoundInternal             : exinfo->length             = 2226080
[LOG] SystemI::createSoundInternal             : exinfo->fileoffset         = 41920
[LOG] SystemI::createSoundInternal             : exinfo->numsubsounds       = 1
[LOG] SystemI::createSoundInternal             : exinfo->inclusionlist      = 000000B67396ED98
[LOG] SystemI::createSoundInternal             : exinfo->inclusionlistnum   = 1
[LOG] SystemI::createSoundInternal             : exinfo->suggestedsoundtype = 5
[LOG] SystemI::createSoundInternal             : exinfo->useropen           = 00007FFE641A5B90
[LOG] SystemI::createSoundInternal             : exinfo->userclose          = 00007FFE641A5B50
[LOG] SystemI::createSoundInternal             : exinfo->userread           = 00007FFE641A5C70
[LOG] SystemI::createSoundInternal             : exinfo->userseek           = 00007FFE641A5D30
[LOG] SystemI::createSoundInternal             : exinfo->fileuserdata       = 0000024DA533F958
[LOG] SystemI::createSoundInternal             : exinfo->initialseekpostype = 1
[LOG] SystemI::DSPCodecPoolRegister            : register codec pool for pool type 5
[LOG] SystemI::createSoundInternal             : Sample 0/1: name='echovar1', format=5, channels=2, frequency=48000, lengthbytes=1664, lengthpcm=5232, pcmblocksize=0, loopstart=0, loopend=0, mode=0x00000000, channelmask=0x00000000, channelorder=0, peakvolume=0.726654.
[LOG] SystemI::createSoundInternal             : Create name='', mode=0x02000202
[LOG] SystemI::createSoundInternal             : exinfo->cbsize             = 224
[LOG] SystemI::createSoundInternal             : exinfo->length             = 2226080
[LOG] SystemI::createSoundInternal             : exinfo->fileoffset         = 41920
[LOG] SystemI::createSoundInternal             : exinfo->numsubsounds       = 1
[LOG] SystemI::createSoundInternal             : exinfo->inclusionlist      = 000000B67396ED98
[LOG] SystemI::createSoundInternal             : exinfo->inclusionlistnum   = 1
[LOG] SystemI::createSoundInternal             : exinfo->suggestedsoundtype = 5
[LOG] SystemI::createSoundInternal             : exinfo->useropen           = 00007FFE641A5B90
[LOG] SystemI::createSoundInternal             : exinfo->userclose          = 00007FFE641A5B50
[LOG] SystemI::createSoundInternal             : exinfo->userread           = 00007FFE641A5C70
[LOG] SystemI::createSoundInternal             : exinfo->userseek           = 00007FFE641A5D30
[LOG] SystemI::createSoundInternal             : exinfo->fileuserdata       = 0000024DA533F958
[LOG] SystemI::createSoundInternal             : exinfo->initialseekpostype = 1
[LOG] SystemI::DSPCodecPoolRegister            : register codec pool for pool type 5
[LOG] SystemI::createSoundInternal             : Sample 0/1: name='echovar5', format=5, channels=2, frequency=48000, lengthbytes=1952, lengthpcm=5232, pcmblocksize=0, loopstart=0, loopend=0, mode=0x00000000, channelmask=0x00000000, channelorder=0, peakvolume=0.150635.
[LOG] SystemI::createSoundInternal             : Create name='', mode=0x02000202
[LOG] SystemI::createSoundInternal             : exinfo->cbsize             = 224
[LOG] SystemI::createSoundInternal             : exinfo->length             = 2226080
[LOG] SystemI::createSoundInternal             : exinfo->fileoffset         = 41920
[LOG] SystemI::createSoundInternal             : exinfo->numsubsounds       = 1
[LOG] SystemI::createSoundInternal             : exinfo->inclusionlist      = 000000B67396ED98
[LOG] SystemI::createSoundInternal             : exinfo->inclusionlistnum   = 1
[LOG] SystemI::createSoundInternal             : exinfo->suggestedsoundtype = 5
[LOG] SystemI::createSoundInternal             : exinfo->useropen           = 00007FFE641A5B90
[LOG] SystemI::createSoundInternal             : exinfo->userclose          = 00007FFE641A5B50
[LOG] SystemI::createSoundInternal             : exinfo->userread           = 00007FFE641A5C70
[LOG] SystemI::createSoundInternal             : exinfo->userseek           = 00007FFE641A5D30
[LOG] SystemI::createSoundInternal             : exinfo->fileuserdata       = 0000024DA533F958
[LOG] SystemI::createSoundInternal             : exinfo->initialseekpostype = 1
[LOG] SystemI::DSPCodecPoolRegister            : register codec pool for pool type 5
[LOG] SystemI::createSoundInternal             : Sample 0/1: name='echovar3', format=5, channels=2, frequency=48000, lengthbytes=2048, lengthpcm=5232, pcmblocksize=0, loopstart=0, loopend=0, mode=0x00000000, channelmask=0x00000000, channelorder=0, peakvolume=0.701782.
[LOG] SystemI::createSoundInternal             : Create name='', mode=0x02000202
[LOG] SystemI::createSoundInternal             : exinfo->cbsize             = 224
[LOG] SystemI::createSoundInternal             : exinfo->length             = 2226080
[LOG] SystemI::createSoundInternal             : exinfo->fileoffset         = 41920
[LOG] SystemI::createSoundInternal             : exinfo->numsubsounds       = 1
[LOG] SystemI::createSoundInternal             : exinfo->inclusionlist      = 000000B67396ED98
[LOG] SystemI::createSoundInternal             : exinfo->inclusionlistnum   = 1
[LOG] SystemI::createSoundInternal             : exinfo->suggestedsoundtype = 5
[LOG] SystemI::createSoundInternal             : exinfo->useropen           = 00007FFE641A5B90
[LOG] SystemI::createSoundInternal             : exinfo->userclose          = 00007FFE641A5B50
[LOG] SystemI::createSoundInternal             : exinfo->userread           = 00007FFE641A5C70
[LOG] SystemI::createSoundInternal             : exinfo->userseek           = 00007FFE641A5D30
[LOG] SystemI::createSoundInternal             : exinfo->fileuserdata       = 0000024DA533F958
[LOG] SystemI::createSoundInternal             : exinfo->initialseekpostype = 1
[LOG] SystemI::DSPCodecPoolRegister            : register codec pool for pool type 5
[LOG] SystemI::createSoundInternal             : Sample 0/1: name='echovar2', format=5, channels=2, frequency=48000, lengthbytes=2112, lengthpcm=5232, pcmblocksize=0, loopstart=0, loopend=0, mode=0x00000000, channelmask=0x00000000, channelorder=0, peakvolume=0.797241.
[LOG] SystemI::createSoundInternal             : Create name='', mode=0x02000202
[LOG] SystemI::createSoundInternal             : exinfo->cbsize             = 224
[LOG] SystemI::createSoundInternal             : exinfo->length             = 2226080
[LOG] SystemI::createSoundInternal             : exinfo->fileoffset         = 41920
[LOG] SystemI::createSoundInternal             : exinfo->numsubsounds       = 1
[LOG] SystemI::createSoundInternal             : exinfo->inclusionlist      = 000000B67396ED98
[LOG] SystemI::createSoundInternal             : exinfo->inclusionlistnum   = 1
[LOG] SystemI::createSoundInternal             : exinfo->suggestedsoundtype = 5
[LOG] SystemI::createSoundInternal             : exinfo->useropen           = 00007FFE641A5B90
[LOG] SystemI::createSoundInternal             : exinfo->userclose          = 00007FFE641A5B50
[LOG] SystemI::createSoundInternal             : exinfo->userread           = 00007FFE641A5C70
[LOG] SystemI::createSoundInternal             : exinfo->userseek           = 00007FFE641A5D30
[LOG] SystemI::createSoundInternal             : exinfo->fileuserdata       = 0000024A7018E058
[LOG] SystemI::createSoundInternal             : exinfo->initialseekpostype = 1
[LOG] SystemI::DSPCodecPoolRegister            : register codec pool for pool type 5
[LOG] SystemI::createSoundInternal             : Sample 0/1: name='Particules_Formation_V1', format=5, channels=2, frequency=48000, lengthbytes=49088, lengthpcm=211680, pcmblocksize=0, loopstart=0, loopend=0, mode=0x00000000, channelmask=0x00000000, channelorder=0, peakvolume=0.069092.
[LOG] SystemI::createSoundInternal             : Create name='', mode=0x02000202
[LOG] SystemI::createSoundInternal             : exinfo->cbsize             = 224
[LOG] SystemI::createSoundInternal             : exinfo->length             = 2226080
[LOG] SystemI::createSoundInternal             : exinfo->fileoffset         = 41920
[LOG] SystemI::createSoundInternal             : exinfo->numsubsounds       = 1
[LOG] SystemI::createSoundInternal             : exinfo->inclusionlist      = 000000B67396ED98
[LOG] SystemI::createSoundInternal             : exinfo->inclusionlistnum   = 1
[LOG] SystemI::createSoundInternal             : exinfo->suggestedsoundtype = 5
[LOG] SystemI::createSoundInternal             : exinfo->useropen           = 00007FFE641A5B90
[LOG] SystemI::createSoundInternal             : exinfo->userclose          = 00007FFE641A5B50
[LOG] SystemI::createSoundInternal             : exinfo->userread           = 00007FFE641A5C70
[LOG] SystemI::createSoundInternal             : exinfo->userseek           = 00007FFE641A5D30
[LOG] SystemI::createSoundInternal             : exinfo->fileuserdata       = 0000024DA533F958
[LOG] SystemI::createSoundInternal             : exinfo->initialseekpostype = 1
[LOG] SystemI::DSPCodecPoolRegister            : register codec pool for pool type 5
[LOG] SystemI::createSoundInternal             : Sample 0/1: name='VOICE_ENNEMY_Surprise_V6', format=5, channels=2, frequency=48000, lengthbytes=8736, lengthpcm=72724, pcmblocksize=0, loopstart=0, loopend=0, mode=0x00000000, channelmask=0x00000000, channelorder=0, peakvolume=0.389984.
[LOG] SystemI::createSoundInternal             : Create name='', mode=0x02000202
[LOG] SystemI::createSoundInternal             : exinfo->cbsize             = 224
[LOG] SystemI::createSoundInternal             : exinfo->length             = 2226080
[LOG] SystemI::createSoundInternal             : exinfo->fileoffset         = 41920
[LOG] SystemI::createSoundInternal             : exinfo->numsubsounds       = 1
[LOG] SystemI::createSoundInternal             : exinfo->inclusionlist      = 000000B67396ED98
[LOG] SystemI::createSoundInternal             : exinfo->inclusionlistnum   = 1
[LOG] SystemI::createSoundInternal             : exinfo->suggestedsoundtype = 5
[LOG] SystemI::createSoundInternal             : exinfo->useropen           = 00007FFE641A5B90
[LOG] SystemI::createSoundInternal             : exinfo->userclose          = 00007FFE641A5B50
[LOG] SystemI::createSoundInternal             : exinfo->userread           = 00007FFE641A5C70
[LOG] SystemI::createSoundInternal             : exinfo->userseek           = 00007FFE641A5D30
[LOG] SystemI::createSoundInternal             : exinfo->fileuserdata       = 0000024DA533F958
[LOG] SystemI::createSoundInternal             : exinfo->initialseekpostype = 1
[LOG] SystemI::DSPCodecPoolRegister            : register codec pool for pool type 5
[LOG] SystemI::createSoundInternal             : Sample 0/1: name='VOICE_ENNEMY_Surprise_V7', format=5, channels=2, frequency=48000, lengthbytes=8960, lengthpcm=75232, pcmblocksize=0, loopstart=0, loopend=0, mode=0x00000000, channelmask=0x00000000, channelorder=0, peakvolume=0.360535.
[LOG] SystemI::createSoundInternal             : Create name='', mode=0x02000202
[LOG] SystemI::createSoundInternal             : exinfo->cbsize             = 224
[LOG] SystemI::createSoundInternal             : exinfo->length             = 2226080
[LOG] SystemI::createSoundInternal             : exinfo->fileoffset         = 41920
[LOG] SystemI::createSoundInternal             : exinfo->numsubsounds       = 1
[LOG] SystemI::createSoundInternal             : exinfo->inclusionlist      = 000000B67396ED98
[LOG] SystemI::createSoundInternal             : exinfo->inclusionlistnum   = 1
[LOG] SystemI::createSoundInternal             : exinfo->suggestedsoundtype = 5
[LOG] SystemI::createSoundInternal             : exinfo->useropen           = 00007FFE641A5B90
[LOG] SystemI::createSoundInternal             : exinfo->userclose          = 00007FFE641A5B50
[LOG] SystemI::createSoundInternal             : exinfo->userread           = 00007FFE641A5C70
[LOG] SystemI::createSoundInternal             : exinfo->userseek           = 00007FFE641A5D30
[LOG] SystemI::createSoundInternal             : exinfo->fileuserdata       = 0000024DA533F958
[LOG] SystemI::createSoundInternal             : exinfo->initialseekpostype = 1
[LOG] SystemI::DSPCodecPoolRegister            : register codec pool for pool type 5
[LOG] SystemI::createSoundInternal             : Sample 0/1: name='VOICE_ENNEMY_Surprise_V2', format=5, channels=2, frequency=48000, lengthbytes=9792, lengthpcm=71471, pcmblocksize=0, loopstart=0, loopend=0, mode=0x00000000, channelmask=0x00000000, channelorder=0, peakvolume=0.401093.
[LOG] SystemI::createSoundInternal             : Create name='', mode=0x02000202
[LOG] SystemI::createSoundInternal             : exinfo->cbsize             = 224
[LOG] SystemI::createSoundInternal             : exinfo->length             = 2226080
[LOG] SystemI::createSoundInternal             : exinfo->fileoffset         = 41920
[LOG] SystemI::createSoundInternal             : exinfo->numsubsounds       = 1
[LOG] SystemI::createSoundInternal             : exinfo->inclusionlist      = 000000B67396ED98
[LOG] SystemI::createSoundInternal             : exinfo->inclusionlistnum   = 1
[LOG] SystemI::createSoundInternal             : exinfo->suggestedsoundtype = 5
[LOG] SystemI::createSoundInternal             : exinfo->useropen           = 00007FFE641A5B90
[LOG] SystemI::createSoundInternal             : exinfo->userclose          = 00007FFE641A5B50
[LOG] SystemI::createSoundInternal             : exinfo->userread           = 00007FFE641A5C70
[LOG] SystemI::createSoundInternal             : exinfo->userseek           = 00007FFE641A5D30
[LOG] SystemI::createSoundInternal             : exinfo->fileuserdata       = 0000024DA533F958
[LOG] SystemI::createSoundInternal             : exinfo->initialseekpostype = 1
[LOG] SystemI::DSPCodecPoolRegister            : register codec pool for pool type 5
[LOG] SystemI::createSoundInternal             : Sample 0/1: name='VOICE_ENNEMY_Surprise_V1', format=5, channels=2, frequency=48000, lengthbytes=9760, lengthpcm=73978, pcmblocksize=0, loopstart=0, loopend=0, mode=0x00000000, channelmask=0x00000000, channelorder=0, peakvolume=0.394806.
[LOG] SystemI::createSoundInternal             : Create name='', mode=0x02000202
[LOG] SystemI::createSoundInternal             : exinfo->cbsize             = 224
[LOG] SystemI::createSoundInternal             : exinfo->length             = 2226080
[LOG] SystemI::createSoundInternal             : exinfo->fileoffset         = 41920
[LOG] SystemI::createSoundInternal             : exinfo->numsubsounds       = 1
[LOG] SystemI::createSoundInternal             : exinfo->inclusionlist      = 000000B67396ED98
[LOG] SystemI::createSoundInternal             : exinfo->inclusionlistnum   = 1
[LOG] SystemI::createSoundInternal             : exinfo->suggestedsoundtype = 5
[LOG] SystemI::createSoundInternal             : exinfo->useropen           = 00007FFE641A5B90
[LOG] SystemI::createSoundInternal             : exinfo->userclose          = 00007FFE641A5B50
[LOG] SystemI::createSoundInternal             : exinfo->userread           = 00007FFE641A5C70
[LOG] SystemI::createSoundInternal             : exinfo->userseek           = 00007FFE641A5D30
[LOG] SystemI::createSoundInternal             : exinfo->fileuserdata       = 0000024DA533F958
[LOG] SystemI::createSoundInternal             : exinfo->initialseekpostype = 1
[LOG] SystemI::DSPCodecPoolRegister            : register codec pool for pool type 5
[LOG] SystemI::createSoundInternal             : Sample 0/1: name='VOICE_ENNEMY_Surprise_V3', format=5, channels=2, frequency=48000, lengthbytes=10528, lengthpcm=80248, pcmblocksize=0, loopstart=0, loopend=0, mode=0x00000000, channelmask=0x00000000, channelorder=0, peakvolume=0.360443.
[LOG] SystemI::createSoundInternal             : Create name='', mode=0x02000202
[LOG] SystemI::createSoundInternal             : exinfo->cbsize             = 224
[LOG] SystemI::createSoundInternal             : exinfo->length             = 2226080
[LOG] SystemI::createSoundInternal             : exinfo->fileoffset         = 41920
[LOG] SystemI::createSoundInternal             : exinfo->numsubsounds       = 1
[LOG] SystemI::createSoundInternal             : exinfo->inclusionlist      = 000000B67396ED98
[LOG] SystemI::createSoundInternal             : exinfo->inclusionlistnum   = 1
[LOG] SystemI::createSoundInternal             : exinfo->suggestedsoundtype = 5
[LOG] SystemI::createSoundInternal             : exinfo->useropen           = 00007FFE641A5B90
[LOG] SystemI::createSoundInternal             : exinfo->userclose          = 00007FFE641A5B50
[LOG] SystemI::createSoundInternal             : exinfo->userread           = 00007FFE641A5C70
[LOG] SystemI::createSoundInternal             : exinfo->userseek           = 00007FFE641A5D30
[LOG] SystemI::createSoundInternal             : exinfo->fileuserdata       = 0000024DA533F958
[LOG] SystemI::createSoundInternal             : exinfo->initialseekpostype = 1
[LOG] SystemI::DSPCodecPoolRegister            : register codec pool for pool type 5
[LOG] SystemI::createSoundInternal             : Sample 0/1: name='VOICE_ENNEMY_Surprise_V5', format=5, channels=2, frequency=48000, lengthbytes=8416, lengthpcm=71471, pcmblocksize=0, loopstart=0, loopend=0, mode=0x00000000, channelmask=0x00000000, channelorder=0, peakvolume=0.388611.
[LOG] SystemI::createSoundInternal             : Create name='', mode=0x02000202
[LOG] SystemI::createSoundInternal             : exinfo->cbsize             = 224
[LOG] SystemI::createSoundInternal             : exinfo->length             = 2226080
[LOG] SystemI::createSoundInternal             : exinfo->fileoffset         = 41920
[LOG] SystemI::createSoundInternal             : exinfo->numsubsounds       = 1
[LOG] SystemI::createSoundInternal             : exinfo->inclusionlist      = 000000B67396ED98
[LOG] SystemI::createSoundInternal             : exinfo->inclusionlistnum   = 1
[LOG] SystemI::createSoundInternal             : exinfo->suggestedsoundtype = 5
[LOG] SystemI::createSoundInternal             : exinfo->useropen           = 00007FFE641A5B90
[LOG] SystemI::createSoundInternal             : exinfo->userclose          = 00007FFE641A5B50
[LOG] SystemI::createSoundInternal             : exinfo->userread           = 00007FFE641A5C70
[LOG] SystemI::createSoundInternal             : exinfo->userseek           = 00007FFE641A5D30
[LOG] SystemI::createSoundInternal             : exinfo->fileuserdata       = 0000024DA533F958
[LOG] SystemI::createSoundInternal             : exinfo->initialseekpostype = 1
[LOG] SystemI::DSPCodecPoolRegister            : register codec pool for pool type 5
[LOG] SystemI::createSoundInternal             : Sample 0/1: name='VOICE_ENNEMY_Surprise_V8', format=5, channels=2, frequency=48000, lengthbytes=9152, lengthpcm=77740, pcmblocksize=0, loopstart=0, loopend=0, mode=0x00000000, channelmask=0x00000000, channelorder=0, peakvolume=0.404724.
[LOG] SystemI::createSoundInternal             : Create name='', mode=0x02000202
[LOG] SystemI::createSoundInternal             : exinfo->cbsize             = 224
[LOG] SystemI::createSoundInternal             : exinfo->length             = 2226080
[LOG] SystemI::createSoundInternal             : exinfo->fileoffset         = 41920
[LOG] SystemI::createSoundInternal             : exinfo->numsubsounds       = 1
[LOG] SystemI::createSoundInternal             : exinfo->inclusionlist      = 000000B67396ED98
[LOG] SystemI::createSoundInternal             : exinfo->inclusionlistnum   = 1
[LOG] SystemI::createSoundInternal             : exinfo->suggestedsoundtype = 5
[LOG] SystemI::createSoundInternal             : exinfo->useropen           = 00007FFE641A5B90
[LOG] SystemI::createSoundInternal             : exinfo->userclose          = 00007FFE641A5B50
[LOG] SystemI::createSoundInternal             : exinfo->userread           = 00007FFE641A5C70
[LOG] SystemI::createSoundInternal             : exinfo->userseek           = 00007FFE641A5D30
[LOG] SystemI::createSoundInternal             : exinfo->fileuserdata       = 0000024DA533F958
[LOG] SystemI::createSoundInternal             : exinfo->initialseekpostype = 1
[LOG] SystemI::DSPCodecPoolRegister            : register codec pool for pool type 5
[LOG] SystemI::createSoundInternal             : Sample 0/1: name='VOICE_ENNEMY_Surprise_V4', format=5, channels=2, frequency=48000, lengthbytes=9568, lengthpcm=75232, pcmblocksize=0, loopstart=0, loopend=0, mode=0x00000000, channelmask=0x00000000, channelorder=0, peakvolume=0.419678.
[LOG] SystemI::createSoundInternal             : Create name='', mode=0x02000202
[LOG] SystemI::createSoundInternal             : exinfo->cbsize             = 224
[LOG] SystemI::createSoundInternal             : exinfo->length             = 2226080
[LOG] SystemI::createSoundInternal             : exinfo->fileoffset         = 41920
[LOG] SystemI::createSoundInternal             : exinfo->numsubsounds       = 1
[LOG] SystemI::createSoundInternal             : exinfo->inclusionlist      = 000000B67396ED98
[LOG] SystemI::createSoundInternal             : exinfo->inclusionlistnum   = 1
[LOG] SystemI::createSoundInternal             : exinfo->suggestedsoundtype = 5
[LOG] SystemI::createSoundInternal             : exinfo->useropen           = 00007FFE641A5B90
[LOG] SystemI::createSoundInternal             : exinfo->userclose          = 00007FFE641A5B50
[LOG] SystemI::createSoundInternal             : exinfo->userread           = 00007FFE641A5C70
[LOG] SystemI::createSoundInternal             : exinfo->userseek           = 00007FFE641A5D30
[LOG] SystemI::createSoundInternal             : exinfo->fileuserdata       = 0000024DA533F958
[LOG] SystemI::createSoundInternal             : exinfo->initialseekpostype = 1
[LOG] SystemI::DSPCodecPoolRegister            : register codec pool for pool type 5
[LOG] SystemI::createSoundInternal             : Sample 0/1: name='VOICE_ENNEMY_Surprise_V9', format=5, channels=2, frequency=48000, lengthbytes=9024, lengthpcm=73978, pcmblocksize=0, loopstart=0, loopend=0, mode=0x00000000, channelmask=0x00000000, channelorder=0, peakvolume=0.434631.
[LOG] SoundI::release                          : VOICE_ENNEMY_PATROL (0000024BE05810C8)
[LOG] SoundI::release                          :     VOICE_ENNEMY_PATROL (0000024A70389C28)
[LOG] SoundI::release                          :     VOICE_ENNEMY_PATROL (0000024B027933C8)
[LOG] SystemI::createSoundInternal             : Create name='', mode=0x02000202
[LOG] SystemI::createSoundInternal             : exinfo->cbsize             = 224
[LOG] SystemI::createSoundInternal             : exinfo->length             = 2226080
[LOG] SystemI::createSoundInternal             : exinfo->fileoffset         = 41920
[LOG] SystemI::createSoundInternal             : exinfo->numsubsounds       = 1
[LOG] SystemI::createSoundInternal             : exinfo->inclusionlist      = 000000B67396ED98
[LOG] SystemI::createSoundInternal             : exinfo->inclusionlistnum   = 1
[LOG] SystemI::createSoundInternal             : exinfo->suggestedsoundtype = 5
[LOG] SystemI::createSoundInternal             : exinfo->useropen           = 00007FFE641A5B90
[LOG] SystemI::createSoundInternal             : exinfo->userclose          = 00007FFE641A5B50
[LOG] SystemI::createSoundInternal             : exinfo->userread           = 00007FFE641A5C70
[LOG] SystemI::createSoundInternal             : exinfo->userseek           = 00007FFE641A5D30
[LOG] SystemI::createSoundInternal             : exinfo->fileuserdata       = 0000024DA53405B8
[LOG] SystemI::createSoundInternal             : exinfo->initialseekpostype = 1
[LOG] SystemI::DSPCodecPoolRegister            : register codec pool for pool type 5
[LOG] SystemI::createSoundInternal             : Sample 0/1: name='footsteps_bois_V17', format=5, channels=2, frequency=48000, lengthbytes=2240, lengthpcm=58932, pcmblocksize=0, loopstart=0, loopend=0, mode=0x00000000, channelmask=0x00000000, channelorder=0, peakvolume=0.084534.
[LOG] SystemI::createSoundInternal             : Create name='', mode=0x02000202
[LOG] SystemI::createSoundInternal             : exinfo->cbsize             = 224
[LOG] SystemI::createSoundInternal             : exinfo->length             = 2226080
[LOG] SystemI::createSoundInternal             : exinfo->fileoffset         = 41920
[LOG] SystemI::createSoundInternal             : exinfo->numsubsounds       = 1
[LOG] SystemI::createSoundInternal             : exinfo->inclusionlist      = 000000B67396ED98
[LOG] SystemI::createSoundInternal             : exinfo->inclusionlistnum   = 1
[LOG] SystemI::createSoundInternal             : exinfo->suggestedsoundtype = 5
[LOG] SystemI::createSoundInternal             : exinfo->useropen           = 00007FFE641A5B90
[LOG] SystemI::createSoundInternal             : exinfo->userclose          = 00007FFE641A5B50
[LOG] SystemI::createSoundInternal             : exinfo->userread           = 00007FFE641A5C70
[LOG] SystemI::createSoundInternal             : exinfo->userseek           = 00007FFE641A5D30
[LOG] SystemI::createSoundInternal             : exinfo->fileuserdata       = 0000024DA53405B8
[LOG] SystemI::createSoundInternal             : exinfo->initialseekpostype = 1
[LOG] SystemI::DSPCodecPoolRegister            : register codec pool for pool type 5
[LOG] SystemI::createSoundInternal             : Sample 0/1: name='footsteps_Tapis_V2', format=5, channels=2, frequency=48000, lengthbytes=2816, lengthpcm=66455, pcmblocksize=0, loopstart=0, loopend=0, mode=0x00000000, channelmask=0x00000000, channelorder=0, peakvolume=0.022095.
[LOG] SystemI::createSoundInternal             : Create name='', mode=0x02000202
[LOG] SystemI::createSoundInternal             : exinfo->cbsize             = 224
[LOG] SystemI::createSoundInternal             : exinfo->length             = 2226080
[LOG] SystemI::createSoundInternal             : exinfo->fileoffset         = 41920
[LOG] SystemI::createSoundInternal             : exinfo->numsubsounds       = 1
[LOG] SystemI::createSoundInternal             : exinfo->inclusionlist      = 000000B67396ED98
[LOG] SystemI::createSoundInternal             : exinfo->inclusionlistnum   = 1
[LOG] SystemI::createSoundInternal             : exinfo->suggestedsoundtype = 5
[LOG] SystemI::createSoundInternal             : exinfo->useropen           = 00007FFE641A5B90
[LOG] SystemI::createSoundInternal             : exinfo->userclose          = 00007FFE641A5B50
[LOG] SystemI::createSoundInternal             : exinfo->userread           = 00007FFE641A5C70
[LOG] SystemI::createSoundInternal             : exinfo->userseek           = 00007FFE641A5D30
[LOG] SystemI::createSoundInternal             : exinfo->fileuserdata       = 0000024DA53405B8
[LOG] SystemI::createSoundInternal             : exinfo->initialseekpostype = 1
[LOG] SystemI::DSPCodecPoolRegister            : register codec pool for pool type 5
[LOG] SystemI::createSoundInternal             : Sample 0/1: name='footsteps_bois_V8', format=5, channels=2, frequency=48000, lengthbytes=3712, lengthpcm=67709, pcmblocksize=0, loopstart=0, loopend=0, mode=0x00000000, channelmask=0x00000000, channelorder=0, peakvolume=0.015686.
[LOG] SystemI::createSoundInternal             : Create name='', mode=0x02000202
[LOG] SystemI::createSoundInternal             : exinfo->cbsize             = 224
[LOG] SystemI::createSoundInternal             : exinfo->length             = 2226080
[LOG] SystemI::createSoundInternal             : exinfo->fileoffset         = 41920
[LOG] SystemI::createSoundInternal             : exinfo->numsubsounds       = 1
[LOG] SystemI::createSoundInternal             : exinfo->inclusionlist      = 000000B67396ED98
[LOG] SystemI::createSoundInternal             : exinfo->inclusionlistnum   = 1
[LOG] SystemI::createSoundInternal             : exinfo->suggestedsoundtype = 5
[LOG] SystemI::createSoundInternal             : exinfo->useropen           = 00007FFE641A5B90
[LOG] SystemI::createSoundInternal             : exinfo->userclose          = 00007FFE641A5B50
[LOG] SystemI::createSoundInternal             : exinfo->userread           = 00007FFE641A5C70
[LOG] SystemI::createSoundInternal             : exinfo->userseek           = 00007FFE641A5D30
[LOG] SystemI::createSoundInternal             : exinfo->fileuserdata       = 0000024DA53405B8
[LOG] SystemI::createSoundInternal             : exinfo->initialseekpostype = 1
[LOG] SystemI::DSPCodecPoolRegister            : register codec pool for pool type 5
[LOG] SystemI::createSoundInternal             : Sample 0/1: name='footsteps_bois_V15', format=5, channels=2, frequency=48000, lengthbytes=1760, lengthpcm=57678, pcmblocksize=0, loopstart=0, loopend=0, mode=0x00000000, channelmask=0x00000000, channelorder=0, peakvolume=0.035004.
[LOG] SystemI::createSoundInternal             : Create name='', mode=0x02000202
[LOG] SystemI::createSoundInternal             : exinfo->cbsize             = 224
[LOG] SystemI::createSoundInternal             : exinfo->length             = 2226080
[LOG] SystemI::createSoundInternal             : exinfo->fileoffset         = 41920
[LOG] SystemI::createSoundInternal             : exinfo->numsubsounds       = 1
[LOG] SystemI::createSoundInternal             : exinfo->inclusionlist      = 000000B67396ED98
[LOG] SystemI::createSoundInternal             : exinfo->inclusionlistnum   = 1
[LOG] SystemI::createSoundInternal             : exinfo->suggestedsoundtype = 5
[LOG] SystemI::createSoundInternal             : exinfo->useropen           = 00007FFE641A5B90
[LOG] SystemI::createSoundInternal             : exinfo->userclose          = 00007FFE641A5B50
[LOG] SystemI::createSoundInternal             : exinfo->userread           = 00007FFE641A5C70
[LOG] SystemI::createSoundInternal             : exinfo->userseek           = 00007FFE641A5D30
[LOG] SystemI::createSoundInternal             : exinfo->fileuserdata       = 0000024DA53405B8
[LOG] SystemI::createSoundInternal             : exinfo->initialseekpostype = 1
[LOG] SystemI::DSPCodecPoolRegister            : register codec pool for pool type 5
[LOG] SystemI::createSoundInternal             : Sample 0/1: name='footsteps_Tapis_V6', format=5, channels=2, frequency=48000, lengthbytes=1088, lengthpcm=56424, pcmblocksize=0, loopstart=0, loopend=0, mode=0x00000000, channelmask=0x00000000, channelorder=0, peakvolume=0.064545.
[LOG] SystemI::createSoundInternal             : Create name='', mode=0x02000202
[LOG] SystemI::createSoundInternal             : exinfo->cbsize             = 224
[LOG] SystemI::createSoundInternal             : exinfo->length             = 2226080
[LOG] SystemI::createSoundInternal             : exinfo->fileoffset         = 41920
[LOG] SystemI::createSoundInternal             : exinfo->numsubsounds       = 1
[LOG] SystemI::createSoundInternal             : exinfo->inclusionlist      = 000000B67396ED98
[LOG] SystemI::createSoundInternal             : exinfo->inclusionlistnum   = 1
[LOG] SystemI::createSoundInternal             : exinfo->suggestedsoundtype = 5
[LOG] SystemI::createSoundInternal             : exinfo->useropen           = 00007FFE641A5B90
[LOG] SystemI::createSoundInternal             : exinfo->userclose          = 00007FFE641A5B50
[LOG] SystemI::createSoundInternal             : exinfo->userread           = 00007FFE641A5C70
[LOG] SystemI::createSoundInternal             : exinfo->userseek           = 00007FFE641A5D30
[LOG] SystemI::createSoundInternal             : exinfo->fileuserdata       = 0000024DA53405B8
[LOG] SystemI::createSoundInternal             : exinfo->initialseekpostype = 1
[LOG] SystemI::DSPCodecPoolRegister            : register codec pool for pool type 5
[LOG] SystemI::createSoundInternal             : Sample 0/1: name='footsteps_bois_V3', format=5, channels=2, frequency=48000, lengthbytes=2624, lengthpcm=62693, pcmblocksize=0, loopstart=0, loopend=0, mode=0x00000000, channelmask=0x00000000, channelorder=0, peakvolume=0.005981.
[LOG] SystemI::createSoundInternal             : Create name='', mode=0x02000202
[LOG] SystemI::createSoundInternal             : exinfo->cbsize             = 224
[LOG] SystemI::createSoundInternal             : exinfo->length             = 2226080
[LOG] SystemI::createSoundInternal             : exinfo->fileoffset         = 41920
[LOG] SystemI::createSoundInternal             : exinfo->numsubsounds       = 1
[LOG] SystemI::createSoundInternal             : exinfo->inclusionlist      = 000000B67396ED98
[LOG] SystemI::createSoundInternal             : exinfo->inclusionlistnum   = 1
[LOG] SystemI::createSoundInternal             : exinfo->suggestedsoundtype = 5
[LOG] SystemI::createSoundInternal             : exinfo->useropen           = 00007FFE641A5B90
[LOG] SystemI::createSoundInternal             : exinfo->userclose          = 00007FFE641A5B50
[LOG] SystemI::createSoundInternal             : exinfo->userread           = 00007FFE641A5C70
[LOG] SystemI::createSoundInternal             : exinfo->userseek           = 00007FFE641A5D30
[LOG] SystemI::createSoundInternal             : exinfo->fileuserdata       = 0000024DA53405B8
[LOG] SystemI::createSoundInternal             : exinfo->initialseekpostype = 1
[LOG] SystemI::DSPCodecPoolRegister            : register codec pool for pool type 5
[LOG] SystemI::createSoundInternal             : Sample 0/1: name='footsteps_Carrelage_V10', format=5, channels=2, frequency=48000, lengthbytes=1888, lengthpcm=57678, pcmblocksize=0, loopstart=0, loopend=0, mode=0x00000000, channelmask=0x00000000, channelorder=0, peakvolume=0.072845.
[LOG] SystemI::createSoundInternal             : Create name='', mode=0x02000202
[LOG] SystemI::createSoundInternal             : exinfo->cbsize             = 224
[LOG] SystemI::createSoundInternal             : exinfo->length             = 2226080
[LOG] SystemI::createSoundInternal             : exinfo->fileoffset         = 41920
[LOG] SystemI::createSoundInternal             : exinfo->numsubsounds       = 1
[LOG] SystemI::createSoundInternal             : exinfo->inclusionlist      = 000000B67396ED98
[LOG] SystemI::createSoundInternal             : exinfo->inclusionlistnum   = 1
[LOG] SystemI::createSoundInternal             : exinfo->suggestedsoundtype = 5
[LOG] SystemI::createSoundInternal             : exinfo->useropen           = 00007FFE641A5B90
[LOG] SystemI::createSoundInternal             : exinfo->userclose          = 00007FFE641A5B50
[LOG] SystemI::createSoundInternal             : exinfo->userread           = 00007FFE641A5C70
[LOG] SystemI::createSoundInternal             : exinfo->userseek           = 00007FFE641A5D30
[LOG] SystemI::createSoundInternal             : exinfo->fileuserdata       = 0000024DA53405B8
[LOG] SystemI::createSoundInternal             : exinfo->initialseekpostype = 1
[LOG] SystemI::DSPCodecPoolRegister            : register codec pool for pool type 5
[LOG] SystemI::createSoundInternal             : Sample 0/1: name='footsteps_bois_V9', format=5, channels=2, frequency=48000, lengthbytes=2464, lengthpcm=61440, pcmblocksize=0, loopstart=0, loopend=0, mode=0x00000000, channelmask=0x00000000, channelorder=0, peakvolume=0.051514.
[LOG] SystemI::createSoundInternal             : Create name='', mode=0x02000202
[LOG] SystemI::createSoundInternal             : exinfo->cbsize             = 224
[LOG] SystemI::createSoundInternal             : exinfo->length             = 2226080
[LOG] SystemI::createSoundInternal             : exinfo->fileoffset         = 41920
[LOG] SystemI::createSoundInternal             : exinfo->numsubsounds       = 1
[LOG] SystemI::createSoundInternal             : exinfo->inclusionlist      = 000000B67396ED98
[LOG] SystemI::createSoundInternal             : exinfo->inclusionlistnum   = 1
[LOG] SystemI::createSoundInternal             : exinfo->suggestedsoundtype = 5
[LOG] SystemI::createSoundInternal             : exinfo->useropen           = 00007FFE641A5B90
[LOG] SystemI::createSoundInternal             : exinfo->userclose          = 00007FFE641A5B50
[LOG] SystemI::createSoundInternal             : exinfo->userread           = 00007FFE641A5C70
[LOG] SystemI::createSoundInternal             : exinfo->userseek           = 00007FFE641A5D30
[LOG] SystemI::createSoundInternal             : exinfo->fileuserdata       = 0000024DA53405B8
[LOG] SystemI::createSoundInternal             : exinfo->initialseekpostype = 1
[LOG] SystemI::DSPCodecPoolRegister            : register codec pool for pool type 5
[LOG] SystemI::createSoundInternal             : Sample 0/1: name='footsteps_Carrelage_V11', format=5, channels=2, frequency=48000, lengthbytes=2048, lengthpcm=58932, pcmblocksize=0, loopstart=0, loopend=0, mode=0x00000000, channelmask=0x00000000, channelorder=0, peakvolume=0.015717.
[LOG] SystemI::createSoundInternal             : Create name='', mode=0x02000202
[LOG] SystemI::createSoundInternal             : exinfo->cbsize             = 224
[LOG] SystemI::createSoundInternal             : exinfo->length             = 2226080
[LOG] SystemI::createSoundInternal             : exinfo->fileoffset         = 41920
[LOG] SystemI::createSoundInternal             : exinfo->numsubsounds       = 1
[LOG] SystemI::createSoundInternal             : exinfo->inclusionlist      = 000000B67396ED98
[LOG] SystemI::createSoundInternal             : exinfo->inclusionlistnum   = 1
[LOG] SystemI::createSoundInternal             : exinfo->suggestedsoundtype = 5
[LOG] SystemI::createSoundInternal             : exinfo->useropen           = 00007FFE641A5B90
[LOG] SystemI::createSoundInternal             : exinfo->userclose          = 00007FFE641A5B50
[LOG] SystemI::createSoundInternal             : exinfo->userread           = 00007FFE641A5C70
[LOG] SystemI::createSoundInternal             : exinfo->userseek           = 00007FFE641A5D30
[LOG] SystemI::createSoundInternal             : exinfo->fileuserdata       = 0000024DA53405B8
[LOG] SystemI::createSoundInternal             : exinfo->initialseekpostype = 1
[LOG] SystemI::DSPCodecPoolRegister            : register codec pool for pool type 5
[LOG] SystemI::createSoundInternal             : Sample 0/1: name='footsteps_bois_V16', format=5, channels=2, frequency=48000, lengthbytes=3264, lengthpcm=65201, pcmblocksize=0, loopstart=0, loopend=0, mode=0x00000000, channelmask=0x00000000, channelorder=0, peakvolume=0.016937.
[LOG] SystemI::createSoundInternal             : Create name='', mode=0x02000202
[LOG] SystemI::createSoundInternal             : exinfo->cbsize             = 224
[LOG] SystemI::createSoundInternal             : exinfo->length             = 2226080
[LOG] SystemI::createSoundInternal             : exinfo->fileoffset         = 41920
[LOG] SystemI::createSoundInternal             : exinfo->numsubsounds       = 1
[LOG] SystemI::createSoundInternal             : exinfo->inclusionlist      = 000000B67396ED98
[LOG] SystemI::createSoundInternal             : exinfo->inclusionlistnum   = 1
[LOG] SystemI::createSoundInternal             : exinfo->suggestedsoundtype = 5
[LOG] SystemI::createSoundInternal             : exinfo->useropen           = 00007FFE641A5B90
[LOG] SystemI::createSoundInternal             : exinfo->userclose          = 00007FFE641A5B50
[LOG] SystemI::createSoundInternal             : exinfo->userread           = 00007FFE641A5C70
[LOG] SystemI::createSoundInternal             : exinfo->userseek           = 00007FFE641A5D30
[LOG] SystemI::createSoundInternal             : exinfo->fileuserdata       = 0000024DA53405B8
[LOG] SystemI::createSoundInternal             : exinfo->initialseekpostype = 1
[LOG] SystemI::DSPCodecPoolRegister            : register codec pool for pool type 5
[LOG] SystemI::createSoundInternal             : Sample 0/1: name='footsteps_Carrelage_V7', format=5, channels=2, frequency=48000, lengthbytes=2336, lengthpcm=60186, pcmblocksize=0, loopstart=0, loopend=0, mode=0x00000000, channelmask=0x00000000, channelorder=0, peakvolume=0.006195.
[LOG] SystemI::createSoundInternal             : Create name='', mode=0x02000202
[LOG] SystemI::createSoundInternal             : exinfo->cbsize             = 224
[LOG] SystemI::createSoundInternal             : exinfo->length             = 2226080
[LOG] SystemI::createSoundInternal             : exinfo->fileoffset         = 41920
[LOG] SystemI::createSoundInternal             : exinfo->numsubsounds       = 1
[LOG] SystemI::createSoundInternal             : exinfo->inclusionlist      = 000000B67396ED98
[LOG] SystemI::createSoundInternal             : exinfo->inclusionlistnum   = 1
[LOG] SystemI::createSoundInternal             : exinfo->suggestedsoundtype = 5
[LOG] SystemI::createSoundInternal             : exinfo->useropen           = 00007FFE641A5B90
[LOG] SystemI::createSoundInternal             : exinfo->userclose          = 00007FFE641A5B50
[LOG] SystemI::createSoundInternal             : exinfo->userread           = 00007FFE641A5C70
[LOG] SystemI::createSoundInternal             : exinfo->userseek           = 00007FFE641A5D30
[LOG] SystemI::createSoundInternal             : exinfo->fileuserdata       = 0000024DA53405B8
[LOG] SystemI::createSoundInternal             : exinfo->initialseekpostype = 1
[LOG] SystemI::DSPCodecPoolRegister            : register codec pool for pool type 5
[LOG] SystemI::createSoundInternal             : Sample 0/1: name='footsteps_bois_V4', format=5, channels=2, frequency=48000, lengthbytes=3488, lengthpcm=66455, pcmblocksize=0, loopstart=0, loopend=0, mode=0x00000000, channelmask=0x00000000, channelorder=0, peakvolume=0.017517.
[LOG] SystemI::createSoundInternal             : Create name='', mode=0x02000202
[LOG] SystemI::createSoundInternal             : exinfo->cbsize             = 224
[LOG] SystemI::createSoundInternal             : exinfo->length             = 2226080
[LOG] SystemI::createSoundInternal             : exinfo->fileoffset         = 41920
[LOG] SystemI::createSoundInternal             : exinfo->numsubsounds       = 1
[LOG] SystemI::createSoundInternal             : exinfo->inclusionlist      = 000000B67396ED98
[LOG] SystemI::createSoundInternal             : exinfo->inclusionlistnum   = 1
[LOG] SystemI::createSoundInternal             : exinfo->suggestedsoundtype = 5
[LOG] SystemI::createSoundInternal             : exinfo->useropen           = 00007FFE641A5B90
[LOG] SystemI::createSoundInternal             : exinfo->userclose          = 00007FFE641A5B50
[LOG] SystemI::createSoundInternal             : exinfo->userread           = 00007FFE641A5C70
[LOG] SystemI::createSoundInternal             : exinfo->userseek           = 00007FFE641A5D30
[LOG] SystemI::createSoundInternal             : exinfo->fileuserdata       = 0000024DA53405B8
[LOG] SystemI::createSoundInternal             : exinfo->initialseekpostype = 1
[LOG] SystemI::DSPCodecPoolRegister            : register codec pool for pool type 5
[LOG] SystemI::createSoundInternal             : Sample 0/1: name='footsteps_bois_V18', format=5, channels=2, frequency=48000, lengthbytes=3584, lengthpcm=66455, pcmblocksize=0, loopstart=0, loopend=0, mode=0x00000000, channelmask=0x00000000, channelorder=0, peakvolume=0.013641.
[LOG] SystemI::createSoundInternal             : Create name='', mode=0x02000202
[LOG] SystemI::createSoundInternal             : exinfo->cbsize             = 224
[LOG] SystemI::createSoundInternal             : exinfo->length             = 2226080
[LOG] SystemI::createSoundInternal             : exinfo->fileoffset         = 41920
[LOG] SystemI::createSoundInternal             : exinfo->numsubsounds       = 1
[LOG] SystemI::createSoundInternal             : exinfo->inclusionlist      = 000000B67396ED98
[LOG] SystemI::createSoundInternal             : exinfo->inclusionlistnum   = 1
[LOG] SystemI::createSoundInternal             : exinfo->suggestedsoundtype = 5
[LOG] SystemI::createSoundInternal             : exinfo->useropen           = 00007FFE641A5B90
[LOG] SystemI::createSoundInternal             : exinfo->userclose          = 00007FFE641A5B50
[LOG] SystemI::createSoundInternal             : exinfo->userread           = 00007FFE641A5C70
[LOG] SystemI::createSoundInternal             : exinfo->userseek           = 00007FFE641A5D30
[LOG] SystemI::createSoundInternal             : exinfo->fileuserdata       = 0000024DA53405B8
[LOG] SystemI::createSoundInternal             : exinfo->initialseekpostype = 1
[LOG] SystemI::DSPCodecPoolRegister            : register codec pool for pool type 5
[LOG] SystemI::createSoundInternal             : Sample 0/1: name='footsteps_Carrelage_V3', format=5, channels=2, frequency=48000, lengthbytes=1408, lengthpcm=56424, pcmblocksize=0, loopstart=0, loopend=0, mode=0x00000000, channelmask=0x00000000, channelorder=0, peakvolume=0.017822.
[LOG] SystemI::createSoundInternal             : Create name='', mode=0x02000202
[LOG] SystemI::createSoundInternal             : exinfo->cbsize             = 224
[LOG] SystemI::createSoundInternal             : exinfo->length             = 2226080
[LOG] SystemI::createSoundInternal             : exinfo->fileoffset         = 41920
[LOG] SystemI::createSoundInternal             : exinfo->numsubsounds       = 1
[LOG] SystemI::createSoundInternal             : exinfo->inclusionlist      = 000000B67396ED98
[LOG] SystemI::createSoundInternal             : exinfo->inclusionlistnum   = 1
[LOG] SystemI::createSoundInternal             : exinfo->suggestedsoundtype = 5
[LOG] SystemI::createSoundInternal             : exinfo->useropen           = 00007FFE641A5B90
[LOG] SystemI::createSoundInternal             : exinfo->userclose          = 00007FFE641A5B50
[LOG] SystemI::createSoundInternal             : exinfo->userread           = 00007FFE641A5C70
[LOG] SystemI::createSoundInternal             : exinfo->userseek           = 00007FFE641A5D30
[LOG] SystemI::createSoundInternal             : exinfo->fileuserdata       = 0000024DA53405B8
[LOG] SystemI::createSoundInternal             : exinfo->initialseekpostype = 1
[LOG] SystemI::DSPCodecPoolRegister            : register codec pool for pool type 5
[LOG] SystemI::createSoundInternal             : Sample 0/1: name='footsteps_Tapis_V10', format=5, channels=2, frequency=48000, lengthbytes=1728, lengthpcm=60186, pcmblocksize=0, loopstart=0, loopend=0, mode=0x00000000, channelmask=0x00000000, channelorder=0, peakvolume=0.049347.
[LOG] SystemI::createSoundInternal             : Create name='', mode=0x02000202
[LOG] SystemI::createSoundInternal             : exinfo->cbsize             = 224
[LOG] SystemI::createSoundInternal             : exinfo->length             = 2226080
[LOG] SystemI::createSoundInternal             : exinfo->fileoffset         = 41920
[LOG] SystemI::createSoundInternal             : exinfo->numsubsounds       = 1
[LOG] SystemI::createSoundInternal             : exinfo->inclusionlist      = 000000B67396ED98
[LOG] SystemI::createSoundInternal             : exinfo->inclusionlistnum   = 1
[LOG] SystemI::createSoundInternal             : exinfo->suggestedsoundtype = 5
[LOG] SystemI::createSoundInternal             : exinfo->useropen           = 00007FFE641A5B90
[LOG] SystemI::createSoundInternal             : exinfo->userclose          = 00007FFE641A5B50
[LOG] SystemI::createSoundInternal             : exinfo->userread           = 00007FFE641A5C70
[LOG] SystemI::createSoundInternal             : exinfo->userseek           = 00007FFE641A5D30
[LOG] SystemI::createSoundInternal             : exinfo->fileuserdata       = 0000024DA53405B8
[LOG] SystemI::createSoundInternal             : exinfo->initialseekpostype = 1
[LOG] SystemI::DSPCodecPoolRegister            : register codec pool for pool type 5
[LOG] SystemI::createSoundInternal             : Sample 0/1: name='footsteps_Carrelage_V15', format=5, channels=2, frequency=48000, lengthbytes=2560, lengthpcm=61440, pcmblocksize=0, loopstart=0, loopend=0, mode=0x00000000, channelmask=0x00000000, channelorder=0, peakvolume=0.007599.
[LOG] SystemI::createSoundInternal             : Create name='', mode=0x02000202
[LOG] SystemI::createSoundInternal             : exinfo->cbsize             = 224
[LOG] SystemI::createSoundInternal             : exinfo->length             = 2226080
[LOG] SystemI::createSoundInternal             : exinfo->fileoffset         = 41920
[LOG] SystemI::createSoundInternal             : exinfo->numsubsounds       = 1
[LOG] SystemI::createSoundInternal             : exinfo->inclusionlist      = 000000B67396ED98
[LOG] SystemI::createSoundInternal             : exinfo->inclusionlistnum   = 1
[LOG] SystemI::createSoundInternal             : exinfo->suggestedsoundtype = 5
[LOG] SystemI::createSoundInternal             : exinfo->useropen           = 00007FFE641A5B90
[LOG] SystemI::createSoundInternal             : exinfo->userclose          = 00007FFE641A5B50
[LOG] SystemI::createSoundInternal             : exinfo->userread           = 00007FFE641A5C70
[LOG] SystemI::createSoundInternal             : exinfo->userseek           = 00007FFE641A5D30
[LOG] SystemI::createSoundInternal             : exinfo->fileuserdata       = 0000024DA53405B8
[LOG] SystemI::createSoundInternal             : exinfo->initialseekpostype = 1
[LOG] SystemI::DSPCodecPoolRegister            : register codec pool for pool type 5
[LOG] SystemI::createSoundInternal             : Sample 0/1: name='footsteps_Tapis_V9', format=5, channels=2, frequency=48000, lengthbytes=1312, lengthpcm=57678, pcmblocksize=0, loopstart=0, loopend=0, mode=0x00000000, channelmask=0x00000000, channelorder=0, peakvolume=0.031189.
[LOG] SystemI::createSoundInternal             : Create name='', mode=0x02000202
[LOG] SystemI::createSoundInternal             : exinfo->cbsize             = 224
[LOG] SystemI::createSoundInternal             : exinfo->length             = 2226080
[LOG] SystemI::createSoundInternal             : exinfo->fileoffset         = 41920
[LOG] SystemI::createSoundInternal             : exinfo->numsubsounds       = 1
[LOG] SystemI::createSoundInternal             : exinfo->inclusionlist      = 000000B67396ED98
[LOG] SystemI::createSoundInternal             : exinfo->inclusionlistnum   = 1
[LOG] SystemI::createSoundInternal             : exinfo->suggestedsoundtype = 5
[LOG] SystemI::createSoundInternal             : exinfo->useropen           = 00007FFE641A5B90
[LOG] SystemI::createSoundInternal             : exinfo->userclose          = 00007FFE641A5B50
[LOG] SystemI::createSoundInternal             : exinfo->userread           = 00007FFE641A5C70
[LOG] SystemI::createSoundInternal             : exinfo->userseek           = 00007FFE641A5D30
[LOG] SystemI::createSoundInternal             : exinfo->fileuserdata       = 0000024DA53405B8
[LOG] SystemI::createSoundInternal             : exinfo->initialseekpostype = 1
[LOG] SystemI::DSPCodecPoolRegister            : register codec pool for pool type 5
[LOG] SystemI::createSoundInternal             : Sample 0/1: name='footsteps_Carrelage_V2', format=5, channels=2, frequency=48000, lengthbytes=1760, lengthpcm=57678, pcmblocksize=0, loopstart=0, loopend=0, mode=0x00000000, channelmask=0x00000000, channelorder=0, peakvolume=0.014252.
[LOG] SystemI::createSoundInternal             : Create name='', mode=0x02000202
[LOG] SystemI::createSoundInternal             : exinfo->cbsize             = 224
[LOG] SystemI::createSoundInternal             : exinfo->length             = 2226080
[LOG] SystemI::createSoundInternal             : exinfo->fileoffset         = 41920
[LOG] SystemI::createSoundInternal             : exinfo->numsubsounds       = 1
[LOG] SystemI::createSoundInternal             : exinfo->inclusionlist      = 000000B67396ED98
[LOG] SystemI::createSoundInternal             : exinfo->inclusionlistnum   = 1
[LOG] SystemI::createSoundInternal             : exinfo->suggestedsoundtype = 5
[LOG] SystemI::createSoundInternal             : exinfo->useropen           = 00007FFE641A5B90
[LOG] SystemI::createSoundInternal             : exinfo->userclose          = 00007FFE641A5B50
[LOG] SystemI::createSoundInternal             : exinfo->userread           = 00007FFE641A5C70
[LOG] SystemI::createSoundInternal             : exinfo->userseek           = 00007FFE641A5D30
[LOG] SystemI::createSoundInternal             : exinfo->fileuserdata       = 0000024DA53405B8
[LOG] SystemI::createSoundInternal             : exinfo->initialseekpostype = 1
[LOG] SystemI::DSPCodecPoolRegister            : register codec pool for pool type 5
[LOG] SystemI::createSoundInternal             : Sample 0/1: name='footsteps_Carrelage_V6', format=5, channels=2, frequency=48000, lengthbytes=2432, lengthpcm=61440, pcmblocksize=0, loopstart=0, loopend=0, mode=0x00000000, channelmask=0x00000000, channelorder=0, peakvolume=0.009033.
[LOG] SystemI::createSoundInternal             : Create name='', mode=0x02000202
[LOG] SystemI::createSoundInternal             : exinfo->cbsize             = 224
[LOG] SystemI::createSoundInternal             : exinfo->length             = 2226080
[LOG] SystemI::createSoundInternal             : exinfo->fileoffset         = 41920
[LOG] SystemI::createSoundInternal             : exinfo->numsubsounds       = 1
[LOG] SystemI::createSoundInternal             : exinfo->inclusionlist      = 000000B67396ED98
[LOG] SystemI::createSoundInternal             : exinfo->inclusionlistnum   = 1
[LOG] SystemI::createSoundInternal             : exinfo->suggestedsoundtype = 5
[LOG] SystemI::createSoundInternal             : exinfo->useropen           = 00007FFE641A5B90
[LOG] SystemI::createSoundInternal             : exinfo->userclose          = 00007FFE641A5B50
[LOG] SystemI::createSoundInternal             : exinfo->userread           = 00007FFE641A5C70
[LOG] SystemI::createSoundInternal             : exinfo->userseek           = 00007FFE641A5D30
[LOG] SystemI::createSoundInternal             : exinfo->fileuserdata       = 0000024DA53405B8
[LOG] SystemI::createSoundInternal             : exinfo->initialseekpostype = 1
[LOG] SystemI::DSPCodecPoolRegister            : register codec pool for pool type 5
[LOG] SystemI::createSoundInternal             : Sample 0/1: name='footsteps_bois_V11', format=5, channels=2, frequency=48000, lengthbytes=2592, lengthpcm=62693, pcmblocksize=0, loopstart=0, loopend=0, mode=0x00000000, channelmask=0x00000000, channelorder=0, peakvolume=0.010620.
[LOG] SystemI::createSoundInternal             : Create name='', mode=0x02000202
[LOG] SystemI::createSoundInternal             : exinfo->cbsize             = 224
[LOG] SystemI::createSoundInternal             : exinfo->length             = 2226080
[LOG] SystemI::createSoundInternal             : exinfo->fileoffset         = 41920
[LOG] SystemI::createSoundInternal             : exinfo->numsubsounds       = 1
[LOG] SystemI::createSoundInternal             : exinfo->inclusionlist      = 000000B67396ED98
[LOG] SystemI::createSoundInternal             : exinfo->inclusionlistnum   = 1
[LOG] SystemI::createSoundInternal             : exinfo->suggestedsoundtype = 5
[LOG] SystemI::createSoundInternal             : exinfo->useropen           = 00007FFE641A5B90
[LOG] SystemI::createSoundInternal             : exinfo->userclose          = 00007FFE641A5B50
[LOG] SystemI::createSoundInternal             : exinfo->userread           = 00007FFE641A5C70
[LOG] SystemI::createSoundInternal             : exinfo->userseek           = 00007FFE641A5D30
[LOG] SystemI::createSoundInternal             : exinfo->fileuserdata       = 0000024DA53405B8
[LOG] SystemI::createSoundInternal             : exinfo->initialseekpostype = 1
[LOG] SystemI::DSPCodecPoolRegister            : register codec pool for pool type 5
[LOG] SystemI::createSoundInternal             : Sample 0/1: name='footsteps_Tapis_V7', format=5, channels=2, frequency=48000, lengthbytes=1536, lengthpcm=58932, pcmblocksize=0, loopstart=0, loopend=0, mode=0x00000000, channelmask=0x00000000, channelorder=0, peakvolume=0.048889.
[LOG] SystemI::createSoundInternal             : Create name='', mode=0x02000202
[LOG] SystemI::createSoundInternal             : exinfo->cbsize             = 224
[LOG] SystemI::createSoundInternal             : exinfo->length             = 2226080
[LOG] SystemI::createSoundInternal             : exinfo->fileoffset         = 41920
[LOG] SystemI::createSoundInternal             : exinfo->numsubsounds       = 1
[LOG] SystemI::createSoundInternal             : exinfo->inclusionlist      = 000000B67396ED98
[LOG] SystemI::createSoundInternal             : exinfo->inclusionlistnum   = 1
[LOG] SystemI::createSoundInternal             : exinfo->suggestedsoundtype = 5
[LOG] SystemI::createSoundInternal             : exinfo->useropen           = 00007FFE641A5B90
[LOG] SystemI::createSoundInternal             : exinfo->userclose          = 00007FFE641A5B50
[LOG] SystemI::createSoundInternal             : exinfo->userread           = 00007FFE641A5C70
[LOG] SystemI::createSoundInternal             : exinfo->userseek           = 00007FFE641A5D30
[LOG] SystemI::createSoundInternal             : exinfo->fileuserdata       = 0000024DA53405B8
[LOG] SystemI::createSoundInternal             : exinfo->initialseekpostype = 1
[LOG] SystemI::DSPCodecPoolRegister            : register codec pool for pool type 5
[LOG] SystemI::createSoundInternal             : Sample 0/1: name='footsteps_Carrelage_V1', format=5, channels=2, frequency=48000, lengthbytes=2048, lengthpcm=60186, pcmblocksize=0, loopstart=0, loopend=0, mode=0x00000000, channelmask=0x00000000, channelorder=0, peakvolume=0.049255.
[LOG] SystemI::createSoundInternal             : Create name='', mode=0x02000202
[LOG] SystemI::createSoundInternal             : exinfo->cbsize             = 224
[LOG] SystemI::createSoundInternal             : exinfo->length             = 2226080
[LOG] SystemI::createSoundInternal             : exinfo->fileoffset         = 41920
[LOG] SystemI::createSoundInternal             : exinfo->numsubsounds       = 1
[LOG] SystemI::createSoundInternal             : exinfo->inclusionlist      = 000000B67396ED98
[LOG] SystemI::createSoundInternal             : exinfo->inclusionlistnum   = 1
[LOG] SystemI::createSoundInternal             : exinfo->suggestedsoundtype = 5
[LOG] SystemI::createSoundInternal             : exinfo->useropen           = 00007FFE641A5B90
[LOG] SystemI::createSoundInternal             : exinfo->userclose          = 00007FFE641A5B50
[LOG] SystemI::createSoundInternal             : exinfo->userread           = 00007FFE641A5C70
[LOG] SystemI::createSoundInternal             : exinfo->userseek           = 00007FFE641A5D30
[LOG] SystemI::createSoundInternal             : exinfo->fileuserdata       = 0000024DA53405B8
[LOG] SystemI::createSoundInternal             : exinfo->initialseekpostype = 1
[LOG] SystemI::DSPCodecPoolRegister            : register codec pool for pool type 5
[LOG] SystemI::createSoundInternal             : Sample 0/1: name='footsteps_Tapis_V8', format=5, channels=2, frequency=48000, lengthbytes=1568, lengthpcm=58932, pcmblocksize=0, loopstart=0, loopend=0, mode=0x00000000, channelmask=0x00000000, channelorder=0, peakvolume=0.087158.
[LOG] SystemI::createSoundInternal             : Create name='', mode=0x02000202
[LOG] SystemI::createSoundInternal             : exinfo->cbsize             = 224
[LOG] SystemI::createSoundInternal             : exinfo->length             = 2226080
[LOG] SystemI::createSoundInternal             : exinfo->fileoffset         = 41920
[LOG] SystemI::createSoundInternal             : exinfo->numsubsounds       = 1
[LOG] SystemI::createSoundInternal             : exinfo->inclusionlist      = 000000B67396ED98
[LOG] SystemI::createSoundInternal             : exinfo->inclusionlistnum   = 1
[LOG] SystemI::createSoundInternal             : exinfo->suggestedsoundtype = 5
[LOG] SystemI::createSoundInternal             : exinfo->useropen           = 00007FFE641A5B90
[LOG] SystemI::createSoundInternal             : exinfo->userclose          = 00007FFE641A5B50
[LOG] SystemI::createSoundInternal             : exinfo->userread           = 00007FFE641A5C70
[LOG] SystemI::createSoundInternal             : exinfo->userseek           = 00007FFE641A5D30
[LOG] SystemI::createSoundInternal             : exinfo->fileuserdata       = 0000024DA53405B8
[LOG] SystemI::createSoundInternal             : exinfo->initialseekpostype = 1
[LOG] SystemI::DSPCodecPoolRegister            : register codec pool for pool type 5
[LOG] SystemI::createSoundInternal             : Sample 0/1: name='footsteps_Carrelage_V8', format=5, channels=2, frequency=48000, lengthbytes=2976, lengthpcm=61440, pcmblocksize=0, loopstart=0, loopend=0, mode=0x00000000, channelmask=0x00000000, channelorder=0, peakvolume=0.046021.
[LOG] SystemI::createSoundInternal             : Create name='', mode=0x02000202
[LOG] SystemI::createSoundInternal             : exinfo->cbsize             = 224
[LOG] SystemI::createSoundInternal             : exinfo->length             = 2226080
[LOG] SystemI::createSoundInternal             : exinfo->fileoffset         = 41920
[LOG] SystemI::createSoundInternal             : exinfo->numsubsounds       = 1
[LOG] SystemI::createSoundInternal             : exinfo->inclusionlist      = 000000B67396ED98
[LOG] SystemI::createSoundInternal             : exinfo->inclusionlistnum   = 1
[LOG] SystemI::createSoundInternal             : exinfo->suggestedsoundtype = 5
[LOG] SystemI::createSoundInternal             : exinfo->useropen           = 00007FFE641A5B90
[LOG] SystemI::createSoundInternal             : exinfo->userclose          = 00007FFE641A5B50
[LOG] SystemI::createSoundInternal             : exinfo->userread           = 00007FFE641A5C70
[LOG] SystemI::createSoundInternal             : exinfo->userseek           = 00007FFE641A5D30
[LOG] SystemI::createSoundInternal             : exinfo->fileuserdata       = 0000024DA53405B8
[LOG] SystemI::createSoundInternal             : exinfo->initialseekpostype = 1
[LOG] SystemI::DSPCodecPoolRegister            : register codec pool for pool type 5
[LOG] SystemI::createSoundInternal             : Sample 0/1: name='footsteps_Carrelage_V14', format=5, channels=2, frequency=48000, lengthbytes=1504, lengthpcm=56424, pcmblocksize=0, loopstart=0, loopend=0, mode=0x00000000, channelmask=0x00000000, channelorder=0, peakvolume=0.004150.
[LOG] SystemI::createSoundInternal             : Create name='', mode=0x02000202
[LOG] SystemI::createSoundInternal             : exinfo->cbsize             = 224
[LOG] SystemI::createSoundInternal             : exinfo->length             = 2226080
[LOG] SystemI::createSoundInternal             : exinfo->fileoffset         = 41920
[LOG] SystemI::createSoundInternal             : exinfo->numsubsounds       = 1
[LOG] SystemI::createSoundInternal             : exinfo->inclusionlist      = 000000B67396ED98
[LOG] SystemI::createSoundInternal             : exinfo->inclusionlistnum   = 1
[LOG] SystemI::createSoundInternal             : exinfo->suggestedsoundtype = 5
[LOG] SystemI::createSoundInternal             : exinfo->useropen           = 00007FFE641A5B90
[LOG] SystemI::createSoundInternal             : exinfo->userclose          = 00007FFE641A5B50
[LOG] SystemI::createSoundInternal             : exinfo->userread           = 00007FFE641A5C70
[LOG] SystemI::createSoundInternal             : exinfo->userseek           = 00007FFE641A5D30
[LOG] SystemI::createSoundInternal             : exinfo->fileuserdata       = 0000024DA53405B8
[LOG] SystemI::createSoundInternal             : exinfo->initialseekpostype = 1
[LOG] SystemI::DSPCodecPoolRegister            : register codec pool for pool type 5
[LOG] SystemI::createSoundInternal             : Sample 0/1: name='footsteps_Carrelage_V13', format=5, channels=2, frequency=48000, lengthbytes=2208, lengthpcm=58932, pcmblocksize=0, loopstart=0, loopend=0, mode=0x00000000, channelmask=0x00000000, channelorder=0, peakvolume=0.024231.
[LOG] SystemI::createSoundInternal             : Create name='', mode=0x02000202
[LOG] SystemI::createSoundInternal             : exinfo->cbsize             = 224
[LOG] SystemI::createSoundInternal             : exinfo->length             = 2226080
[LOG] SystemI::createSoundInternal             : exinfo->fileoffset         = 41920
[LOG] SystemI::createSoundInternal             : exinfo->numsubsounds       = 1
[LOG] SystemI::createSoundInternal             : exinfo->inclusionlist      = 000000B67396ED98
[LOG] SystemI::createSoundInternal             : exinfo->inclusionlistnum   = 1
[LOG] SystemI::createSoundInternal             : exinfo->suggestedsoundtype = 5
[LOG] SystemI::createSoundInternal             : exinfo->useropen           = 00007FFE641A5B90
[LOG] SystemI::createSoundInternal             : exinfo->userclose          = 00007FFE641A5B50
[LOG] SystemI::createSoundInternal             : exinfo->userread           = 00007FFE641A5C70
[LOG] SystemI::createSoundInternal             : exinfo->userseek           = 00007FFE641A5D30
[LOG] SystemI::createSoundInternal             : exinfo->fileuserdata       = 0000024DA53405B8
[LOG] SystemI::createSoundInternal             : exinfo->initialseekpostype = 1
[LOG] SystemI::DSPCodecPoolRegister            : register codec pool for pool type 5
[LOG] SystemI::createSoundInternal             : Sample 0/1: name='footsteps_Tapis_V3', format=5, channels=2, frequency=48000, lengthbytes=4768, lengthpcm=77740, pcmblocksize=0, loopstart=0, loopend=0, mode=0x00000000, channelmask=0x00000000, channelorder=0, peakvolume=0.028076.
[LOG] SystemI::createSoundInternal             : Create name='', mode=0x02000202
[LOG] SystemI::createSoundInternal             : exinfo->cbsize             = 224
[LOG] SystemI::createSoundInternal             : exinfo->length             = 2226080
[LOG] SystemI::createSoundInternal             : exinfo->fileoffset         = 41920
[LOG] SystemI::createSoundInternal             : exinfo->numsubsounds       = 1
[LOG] SystemI::createSoundInternal             : exinfo->inclusionlist      = 000000B67396ED98
[LOG] SystemI::createSoundInternal             : exinfo->inclusionlistnum   = 1
[LOG] SystemI::createSoundInternal             : exinfo->suggestedsoundtype = 5
[LOG] SystemI::createSoundInternal             : exinfo->useropen           = 00007FFE641A5B90
[LOG] SystemI::createSoundInternal             : exinfo->userclose          = 00007FFE641A5B50
[LOG] SystemI::createSoundInternal             : exinfo->userread           = 00007FFE641A5C70
[LOG] SystemI::createSoundInternal             : exinfo->userseek           = 00007FFE641A5D30
[LOG] SystemI::createSoundInternal             : exinfo->fileuserdata       = 0000024DA53405B8
[LOG] SystemI::createSoundInternal             : exinfo->initialseekpostype = 1
[LOG] SystemI::DSPCodecPoolRegister            : register codec pool for pool type 5
[LOG] SystemI::createSoundInternal             : Sample 0/1: name='footsteps_Carrelage_V12', format=5, channels=2, frequency=48000, lengthbytes=1536, lengthpcm=57678, pcmblocksize=0, loopstart=0, loopend=0, mode=0x00000000, channelmask=0x00000000, channelorder=0, peakvolume=0.013153.
[LOG] SystemI::createSoundInternal             : Create name='', mode=0x02000202
[LOG] SystemI::createSoundInternal             : exinfo->cbsize             = 224
[LOG] SystemI::createSoundInternal             : exinfo->length             = 2226080
[LOG] SystemI::createSoundInternal             : exinfo->fileoffset         = 41920
[LOG] SystemI::createSoundInternal             : exinfo->numsubsounds       = 1
[LOG] SystemI::createSoundInternal             : exinfo->inclusionlist      = 000000B67396ED98
[LOG] SystemI::createSoundInternal             : exinfo->inclusionlistnum   = 1
[LOG] SystemI::createSoundInternal             : exinfo->suggestedsoundtype = 5
[LOG] SystemI::createSoundInternal             : exinfo->useropen           = 00007FFE641A5B90
[LOG] SystemI::createSoundInternal             : exinfo->userclose          = 00007FFE641A5B50
[LOG] SystemI::createSoundInternal             : exinfo->userread           = 00007FFE641A5C70
[LOG] SystemI::createSoundInternal             : exinfo->userseek           = 00007FFE641A5D30
[LOG] SystemI::createSoundInternal             : exinfo->fileuserdata       = 0000024DA53405B8
[LOG] SystemI::createSoundInternal             : exinfo->initialseekpostype = 1
[LOG] SystemI::DSPCodecPoolRegister            : register codec pool for pool type 5
[LOG] SystemI::createSoundInternal             : Sample 0/1: name='footsteps_bois_V7', format=5, channels=2, frequency=48000, lengthbytes=2560, lengthpcm=62693, pcmblocksize=0, loopstart=0, loopend=0, mode=0x00000000, channelmask=0x00000000, channelorder=0, peakvolume=0.026306.
[LOG] SystemI::createSoundInternal             : Create name='', mode=0x02000202
[LOG] SystemI::createSoundInternal             : exinfo->cbsize             = 224
[LOG] SystemI::createSoundInternal             : exinfo->length             = 2226080
[LOG] SystemI::createSoundInternal             : exinfo->fileoffset         = 41920
[LOG] SystemI::createSoundInternal             : exinfo->numsubsounds       = 1
[LOG] SystemI::createSoundInternal             : exinfo->inclusionlist      = 000000B67396ED98
[LOG] SystemI::createSoundInternal             : exinfo->inclusionlistnum   = 1
[LOG] SystemI::createSoundInternal             : exinfo->suggestedsoundtype = 5
[LOG] SystemI::createSoundInternal             : exinfo->useropen           = 00007FFE641A5B90
[LOG] SystemI::createSoundInternal             : exinfo->userclose          = 00007FFE641A5B50
[LOG] SystemI::createSoundInternal             : exinfo->userread           = 00007FFE641A5C70
[LOG] SystemI::createSoundInternal             : exinfo->userseek           = 00007FFE641A5D30
[LOG] SystemI::createSoundInternal             : exinfo->fileuserdata       = 0000024DA53405B8
[LOG] SystemI::createSoundInternal             : exinfo->initialseekpostype = 1
[LOG] SystemI::DSPCodecPoolRegister            : register codec pool for pool type 5
[LOG] SystemI::createSoundInternal             : Sample 0/1: name='footsteps_Carrelage_V4', format=5, channels=2, frequency=48000, lengthbytes=1504, lengthpcm=55170, pcmblocksize=0, loopstart=0, loopend=0, mode=0x00000000, channelmask=0x00000000, channelorder=0, peakvolume=0.013885.
[LOG] SystemI::createSoundInternal             : Create name='', mode=0x02000202
[LOG] SystemI::createSoundInternal             : exinfo->cbsize             = 224
[LOG] SystemI::createSoundInternal             : exinfo->length             = 2226080
[LOG] SystemI::createSoundInternal             : exinfo->fileoffset         = 41920
[LOG] SystemI::createSoundInternal             : exinfo->numsubsounds       = 1
[LOG] SystemI::createSoundInternal             : exinfo->inclusionlist      = 000000B67396ED98
[LOG] SystemI::createSoundInternal             : exinfo->inclusionlistnum   = 1
[LOG] SystemI::createSoundInternal             : exinfo->suggestedsoundtype = 5
[LOG] SystemI::createSoundInternal             : exinfo->useropen           = 00007FFE641A5B90
[LOG] SystemI::createSoundInternal             : exinfo->userclose          = 00007FFE641A5B50
[LOG] SystemI::createSoundInternal             : exinfo->userread           = 00007FFE641A5C70
[LOG] SystemI::createSoundInternal             : exinfo->userseek           = 00007FFE641A5D30
[LOG] SystemI::createSoundInternal             : exinfo->fileuserdata       = 0000024DA53405B8
[LOG] SystemI::createSoundInternal             : exinfo->initialseekpostype = 1
[LOG] SystemI::DSPCodecPoolRegister            : register codec pool for pool type 5
[LOG] SystemI::createSoundInternal             : Sample 0/1: name='footsteps_bois_V1', format=5, channels=2, frequency=48000, lengthbytes=1984, lengthpcm=57678, pcmblocksize=0, loopstart=0, loopend=0, mode=0x00000000, channelmask=0x00000000, channelorder=0, peakvolume=0.019135.
[LOG] SystemI::createSoundInternal             : Create name='', mode=0x02000202
[LOG] SystemI::createSoundInternal             : exinfo->cbsize             = 224
[LOG] SystemI::createSoundInternal             : exinfo->length             = 2226080
[LOG] SystemI::createSoundInternal             : exinfo->fileoffset         = 41920
[LOG] SystemI::createSoundInternal             : exinfo->numsubsounds       = 1
[LOG] SystemI::createSoundInternal             : exinfo->inclusionlist      = 000000B67396ED98
[LOG] SystemI::createSoundInternal             : exinfo->inclusionlistnum   = 1
[LOG] SystemI::createSoundInternal             : exinfo->suggestedsoundtype = 5
[LOG] SystemI::createSoundInternal             : exinfo->useropen           = 00007FFE641A5B90
[LOG] SystemI::createSoundInternal             : exinfo->userclose          = 00007FFE641A5B50
[LOG] SystemI::createSoundInternal             : exinfo->userread           = 00007FFE641A5C70
[LOG] SystemI::createSoundInternal             : exinfo->userseek           = 00007FFE641A5D30
[LOG] SystemI::createSoundInternal             : exinfo->fileuserdata       = 0000024DA53405B8
[LOG] SystemI::createSoundInternal             : exinfo->initialseekpostype = 1
[LOG] SystemI::DSPCodecPoolRegister            : register codec pool for pool type 5
[LOG] SystemI::createSoundInternal             : Sample 0/1: name='footsteps_Tapis_V1', format=5, channels=2, frequency=48000, lengthbytes=960, lengthpcm=55170, pcmblocksize=0, loopstart=0, loopend=0, mode=0x00000000, channelmask=0x00000000, channelorder=0, peakvolume=0.024902.
[LOG] SystemI::createSoundInternal             : Create name='', mode=0x02000202
[LOG] SystemI::createSoundInternal             : exinfo->cbsize             = 224
[LOG] SystemI::createSoundInternal             : exinfo->length             = 2226080
[LOG] SystemI::createSoundInternal             : exinfo->fileoffset         = 41920
[LOG] SystemI::createSoundInternal             : exinfo->numsubsounds       = 1
[LOG] SystemI::createSoundInternal             : exinfo->inclusionlist      = 000000B67396ED98
[LOG] SystemI::createSoundInternal             : exinfo->inclusionlistnum   = 1
[LOG] SystemI::createSoundInternal             : exinfo->suggestedsoundtype = 5
[LOG] SystemI::createSoundInternal             : exinfo->useropen           = 00007FFE641A5B90
[LOG] SystemI::createSoundInternal             : exinfo->userclose          = 00007FFE641A5B50
[LOG] SystemI::createSoundInternal             : exinfo->userread           = 00007FFE641A5C70
[LOG] SystemI::createSoundInternal             : exinfo->userseek           = 00007FFE641A5D30
[LOG] SystemI::createSoundInternal             : exinfo->fileuserdata       = 0000024DA53405B8
[LOG] SystemI::createSoundInternal             : exinfo->initialseekpostype = 1
[LOG] SystemI::DSPCodecPoolRegister            : register codec pool for pool type 5
[LOG] SystemI::createSoundInternal             : Sample 0/1: name='footsteps_bois_V13', format=5, channels=2, frequency=48000, lengthbytes=1664, lengthpcm=56424, pcmblocksize=0, loopstart=0, loopend=0, mode=0x00000000, channelmask=0x00000000, channelorder=0, peakvolume=0.024048.
[LOG] SystemI::createSoundInternal             : Create name='', mode=0x02000202
[LOG] SystemI::createSoundInternal             : exinfo->cbsize             = 224
[LOG] SystemI::createSoundInternal             : exinfo->length             = 2226080
[LOG] SystemI::createSoundInternal             : exinfo->fileoffset         = 41920
[LOG] SystemI::createSoundInternal             : exinfo->numsubsounds       = 1
[LOG] SystemI::createSoundInternal             : exinfo->inclusionlist      = 000000B67396ED98
[LOG] SystemI::createSoundInternal             : exinfo->inclusionlistnum   = 1
[LOG] SystemI::createSoundInternal             : exinfo->suggestedsoundtype = 5
[LOG] SystemI::createSoundInternal             : exinfo->useropen           = 00007FFE641A5B90
[LOG] SystemI::createSoundInternal             : exinfo->userclose          = 00007FFE641A5B50
[LOG] SystemI::createSoundInternal             : exinfo->userread           = 00007FFE641A5C70
[LOG] SystemI::createSoundInternal             : exinfo->userseek           = 00007FFE641A5D30
[LOG] SystemI::createSoundInternal             : exinfo->fileuserdata       = 0000024DA53405B8
[LOG] SystemI::createSoundInternal             : exinfo->initialseekpostype = 1
[LOG] SystemI::DSPCodecPoolRegister            : register codec pool for pool type 5
[LOG] SystemI::createSoundInternal             : Sample 0/1: name='footsteps_bois_V14', format=5, channels=2, frequency=48000, lengthbytes=3616, lengthpcm=67709, pcmblocksize=0, loopstart=0, loopend=0, mode=0x00000000, channelmask=0x00000000, channelorder=0, peakvolume=0.011292.
[LOG] SystemI::createSoundInternal             : Create name='', mode=0x02000202
[LOG] SystemI::createSoundInternal             : exinfo->cbsize             = 224
[LOG] SystemI::createSoundInternal             : exinfo->length             = 2226080
[LOG] SystemI::createSoundInternal             : exinfo->fileoffset         = 41920
[LOG] SystemI::createSoundInternal             : exinfo->numsubsounds       = 1
[LOG] SystemI::createSoundInternal             : exinfo->inclusionlist      = 000000B67396ED98
[LOG] SystemI::createSoundInternal             : exinfo->inclusionlistnum   = 1
[LOG] SystemI::createSoundInternal             : exinfo->suggestedsoundtype = 5
[LOG] SystemI::createSoundInternal             : exinfo->useropen           = 00007FFE641A5B90
[LOG] SystemI::createSoundInternal             : exinfo->userclose          = 00007FFE641A5B50
[LOG] SystemI::createSoundInternal             : exinfo->userread           = 00007FFE641A5C70
[LOG] SystemI::createSoundInternal             : exinfo->userseek           = 00007FFE641A5D30
[LOG] SystemI::createSoundInternal             : exinfo->fileuserdata       = 0000024DA53405B8
[LOG] SystemI::createSoundInternal             : exinfo->initialseekpostype = 1
[LOG] SystemI::DSPCodecPoolRegister            : register codec pool for pool type 5
[LOG] SystemI::createSoundInternal             : Sample 0/1: name='footsteps_bois_V10', format=5, channels=2, frequency=48000, lengthbytes=2656, lengthpcm=63947, pcmblocksize=0, loopstart=0, loopend=0, mode=0x00000000, channelmask=0x00000000, channelorder=0, peakvolume=0.039276.
[LOG] SystemI::createSoundInternal             : Create name='', mode=0x02000202
[LOG] SystemI::createSoundInternal             : exinfo->cbsize             = 224
[LOG] SystemI::createSoundInternal             : exinfo->length             = 2226080
[LOG] SystemI::createSoundInternal             : exinfo->fileoffset         = 41920
[LOG] SystemI::createSoundInternal             : exinfo->numsubsounds       = 1
[LOG] SystemI::createSoundInternal             : exinfo->inclusionlist      = 000000B67396ED98
[LOG] SystemI::createSoundInternal             : exinfo->inclusionlistnum   = 1
[LOG] SystemI::createSoundInternal             : exinfo->suggestedsoundtype = 5
[LOG] SystemI::createSoundInternal             : exinfo->useropen           = 00007FFE641A5B90
[LOG] SystemI::createSoundInternal             : exinfo->userclose          = 00007FFE641A5B50
[LOG] SystemI::createSoundInternal             : exinfo->userread           = 00007FFE641A5C70
[LOG] SystemI::createSoundInternal             : exinfo->userseek           = 00007FFE641A5D30
[LOG] SystemI::createSoundInternal             : exinfo->fileuserdata       = 0000024DA53405B8
[LOG] SystemI::createSoundInternal             : exinfo->initialseekpostype = 1
[LOG] SystemI::DSPCodecPoolRegister            : register codec pool for pool type 5
[LOG] SystemI::createSoundInternal             : Sample 0/1: name='footsteps_Carrelage_V9', format=5, channels=2, frequency=48000, lengthbytes=2112, lengthpcm=58932, pcmblocksize=0, loopstart=0, loopend=0, mode=0x00000000, channelmask=0x00000000, channelorder=0, peakvolume=0.013855.
[LOG] SystemI::createSoundInternal             : Create name='', mode=0x02000202
[LOG] SystemI::createSoundInternal             : exinfo->cbsize             = 224
[LOG] SystemI::createSoundInternal             : exinfo->length             = 2226080
[LOG] SystemI::createSoundInternal             : exinfo->fileoffset         = 41920
[LOG] SystemI::createSoundInternal             : exinfo->numsubsounds       = 1
[LOG] SystemI::createSoundInternal             : exinfo->inclusionlist      = 000000B67396ED98
[LOG] SystemI::createSoundInternal             : exinfo->inclusionlistnum   = 1
[LOG] SystemI::createSoundInternal             : exinfo->suggestedsoundtype = 5
[LOG] SystemI::createSoundInternal             : exinfo->useropen           = 00007FFE641A5B90
[LOG] SystemI::createSoundInternal             : exinfo->userclose          = 00007FFE641A5B50
[LOG] SystemI::createSoundInternal             : exinfo->userread           = 00007FFE641A5C70
[LOG] SystemI::createSoundInternal             : exinfo->userseek           = 00007FFE641A5D30
[LOG] SystemI::createSoundInternal             : exinfo->fileuserdata       = 0000024DA53405B8
[LOG] SystemI::createSoundInternal             : exinfo->initialseekpostype = 1
[LOG] SystemI::DSPCodecPoolRegister            : register codec pool for pool type 5
[LOG] SystemI::createSoundInternal             : Sample 0/1: name='footsteps_bois_V12', format=5, channels=2, frequency=48000, lengthbytes=3136, lengthpcm=63947, pcmblocksize=0, loopstart=0, loopend=0, mode=0x00000000, channelmask=0x00000000, channelorder=0, peakvolume=0.010223.
[LOG] SystemI::createSoundInternal             : Create name='', mode=0x02000202
[LOG] SystemI::createSoundInternal             : exinfo->cbsize             = 224
[LOG] SystemI::createSoundInternal             : exinfo->length             = 2226080
[LOG] SystemI::createSoundInternal             : exinfo->fileoffset         = 41920
[LOG] SystemI::createSoundInternal             : exinfo->numsubsounds       = 1
[LOG] SystemI::createSoundInternal             : exinfo->inclusionlist      = 000000B67396ED98
[LOG] SystemI::createSoundInternal             : exinfo->inclusionlistnum   = 1
[LOG] SystemI::createSoundInternal             : exinfo->suggestedsoundtype = 5
[LOG] SystemI::createSoundInternal             : exinfo->useropen           = 00007FFE641A5B90
[LOG] SystemI::createSoundInternal             : exinfo->userclose          = 00007FFE641A5B50
[LOG] SystemI::createSoundInternal             : exinfo->userread           = 00007FFE641A5C70
[LOG] SystemI::createSoundInternal             : exinfo->userseek           = 00007FFE641A5D30
[LOG] SystemI::createSoundInternal             : exinfo->fileuserdata       = 0000024DA53405B8
[LOG] SystemI::createSoundInternal             : exinfo->initialseekpostype = 1
[LOG] SystemI::DSPCodecPoolRegister            : register codec pool for pool type 5
[LOG] SystemI::createSoundInternal             : Sample 0/1: name='footsteps_Tapis_V4', format=5, channels=2, frequency=48000, lengthbytes=2016, lengthpcm=60186, pcmblocksize=0, loopstart=0, loopend=0, mode=0x00000000, channelmask=0x00000000, channelorder=0, peakvolume=0.026459.
[LOG] SystemI::createSoundInternal             : Create name='', mode=0x02000202
[LOG] SystemI::createSoundInternal             : exinfo->cbsize             = 224
[LOG] SystemI::createSoundInternal             : exinfo->length             = 2226080
[LOG] SystemI::createSoundInternal             : exinfo->fileoffset         = 41920
[LOG] SystemI::createSoundInternal             : exinfo->numsubsounds       = 1
[LOG] SystemI::createSoundInternal             : exinfo->inclusionlist      = 000000B67396ED98
[LOG] SystemI::createSoundInternal             : exinfo->inclusionlistnum   = 1
[LOG] SystemI::createSoundInternal             : exinfo->suggestedsoundtype = 5
[LOG] SystemI::createSoundInternal             : exinfo->useropen           = 00007FFE641A5B90
[LOG] SystemI::createSoundInternal             : exinfo->userclose          = 00007FFE641A5B50
[LOG] SystemI::createSoundInternal             : exinfo->userread           = 00007FFE641A5C70
[LOG] SystemI::createSoundInternal             : exinfo->userseek           = 00007FFE641A5D30
[LOG] SystemI::createSoundInternal             : exinfo->fileuserdata       = 0000024DA53405B8
[LOG] SystemI::createSoundInternal             : exinfo->initialseekpostype = 1
[LOG] SystemI::DSPCodecPoolRegister            : register codec pool for pool type 5
[LOG] SystemI::createSoundInternal             : Sample 0/1: name='footsteps_Tapis_V5', format=5, channels=2, frequency=48000, lengthbytes=1728, lengthpcm=58932, pcmblocksize=0, loopstart=0, loopend=0, mode=0x00000000, channelmask=0x00000000, channelorder=0, peakvolume=0.039215.
[LOG] SystemI::createSoundInternal             : Create name='', mode=0x02000202
[LOG] SystemI::createSoundInternal             : exinfo->cbsize             = 224
[LOG] SystemI::createSoundInternal             : exinfo->length             = 2226080
[LOG] SystemI::createSoundInternal             : exinfo->fileoffset         = 41920
[LOG] SystemI::createSoundInternal             : exinfo->numsubsounds       = 1
[LOG] SystemI::createSoundInternal             : exinfo->inclusionlist      = 000000B67396ED98
[LOG] SystemI::createSoundInternal             : exinfo->inclusionlistnum   = 1
[LOG] SystemI::createSoundInternal             : exinfo->suggestedsoundtype = 5
[LOG] SystemI::createSoundInternal             : exinfo->useropen           = 00007FFE641A5B90
[LOG] SystemI::createSoundInternal             : exinfo->userclose          = 00007FFE641A5B50
[LOG] SystemI::createSoundInternal             : exinfo->userread           = 00007FFE641A5C70
[LOG] SystemI::createSoundInternal             : exinfo->userseek           = 00007FFE641A5D30
[LOG] SystemI::createSoundInternal             : exinfo->fileuserdata       = 0000024DA53405B8
[LOG] SystemI::createSoundInternal             : exinfo->initialseekpostype = 1
[LOG] SystemI::DSPCodecPoolRegister            : register codec pool for pool type 5
[LOG] SystemI::createSoundInternal             : Sample 0/1: name='footsteps_bois_V2', format=5, channels=2, frequency=48000, lengthbytes=2144, lengthpcm=58932, pcmblocksize=0, loopstart=0, loopend=0, mode=0x00000000, channelmask=0x00000000, channelorder=0, peakvolume=0.023682.
[LOG] SystemI::createSoundInternal             : Create name='', mode=0x02000202
[LOG] SystemI::createSoundInternal             : exinfo->cbsize             = 224
[LOG] SystemI::createSoundInternal             : exinfo->length             = 2226080
[LOG] SystemI::createSoundInternal             : exinfo->fileoffset         = 41920
[LOG] SystemI::createSoundInternal             : exinfo->numsubsounds       = 1
[LOG] SystemI::createSoundInternal             : exinfo->inclusionlist      = 000000B67396ED98
[LOG] SystemI::createSoundInternal             : exinfo->inclusionlistnum   = 1
[LOG] SystemI::createSoundInternal             : exinfo->suggestedsoundtype = 5
[LOG] SystemI::createSoundInternal             : exinfo->useropen           = 00007FFE641A5B90
[LOG] SystemI::createSoundInternal             : exinfo->userclose          = 00007FFE641A5B50
[LOG] SystemI::createSoundInternal             : exinfo->userread           = 00007FFE641A5C70
[LOG] SystemI::createSoundInternal             : exinfo->userseek           = 00007FFE641A5D30
[LOG] SystemI::createSoundInternal             : exinfo->fileuserdata       = 0000024DA53405B8
[LOG] SystemI::createSoundInternal             : exinfo->initialseekpostype = 1
[LOG] SystemI::DSPCodecPoolRegister            : register codec pool for pool type 5
[LOG] SystemI::createSoundInternal             : Sample 0/1: name='footsteps_bois_V6', format=5, channels=2, frequency=48000, lengthbytes=3328, lengthpcm=66455, pcmblocksize=0, loopstart=0, loopend=0, mode=0x00000000, channelmask=0x00000000, channelorder=0, peakvolume=0.015198.
[LOG] SystemI::createSoundInternal             : Create name='', mode=0x02000202
[LOG] SystemI::createSoundInternal             : exinfo->cbsize             = 224
[LOG] SystemI::createSoundInternal             : exinfo->length             = 2226080
[LOG] SystemI::createSoundInternal             : exinfo->fileoffset         = 41920
[LOG] SystemI::createSoundInternal             : exinfo->numsubsounds       = 1
[LOG] SystemI::createSoundInternal             : exinfo->inclusionlist      = 000000B67396ED98
[LOG] SystemI::createSoundInternal             : exinfo->inclusionlistnum   = 1
[LOG] SystemI::createSoundInternal             : exinfo->suggestedsoundtype = 5
[LOG] SystemI::createSoundInternal             : exinfo->useropen           = 00007FFE641A5B90
[LOG] SystemI::createSoundInternal             : exinfo->userclose          = 00007FFE641A5B50
[LOG] SystemI::createSoundInternal             : exinfo->userread           = 00007FFE641A5C70
[LOG] SystemI::createSoundInternal             : exinfo->userseek           = 00007FFE641A5D30
[LOG] SystemI::createSoundInternal             : exinfo->fileuserdata       = 0000024DA53405B8
[LOG] SystemI::createSoundInternal             : exinfo->initialseekpostype = 1
[LOG] SystemI::DSPCodecPoolRegister            : register codec pool for pool type 5
[LOG] SystemI::createSoundInternal             : Sample 0/1: name='footsteps_bois_V5', format=5, channels=2, frequency=48000, lengthbytes=1664, lengthpcm=58932, pcmblocksize=0, loopstart=0, loopend=0, mode=0x00000000, channelmask=0x00000000, channelorder=0, peakvolume=0.022522.
[LOG] SystemI::createSoundInternal             : Create name='', mode=0x02000202
[LOG] SystemI::createSoundInternal             : exinfo->cbsize             = 224
[LOG] SystemI::createSoundInternal             : exinfo->length             = 2226080
[LOG] SystemI::createSoundInternal             : exinfo->fileoffset         = 41920
[LOG] SystemI::createSoundInternal             : exinfo->numsubsounds       = 1
[LOG] SystemI::createSoundInternal             : exinfo->inclusionlist      = 000000B67396ED98
[LOG] SystemI::createSoundInternal             : exinfo->inclusionlistnum   = 1
[LOG] SystemI::createSoundInternal             : exinfo->suggestedsoundtype = 5
[LOG] SystemI::createSoundInternal             : exinfo->useropen           = 00007FFE641A5B90
[LOG] SystemI::createSoundInternal             : exinfo->userclose          = 00007FFE641A5B50
[LOG] SystemI::createSoundInternal             : exinfo->userread           = 00007FFE641A5C70
[LOG] SystemI::createSoundInternal             : exinfo->userseek           = 00007FFE641A5D30
[LOG] SystemI::createSoundInternal             : exinfo->fileuserdata       = 0000024DA53405B8
[LOG] SystemI::createSoundInternal             : exinfo->initialseekpostype = 1
[LOG] SystemI::DSPCodecPoolRegister            : register codec pool for pool type 5
[LOG] SystemI::createSoundInternal             : Sample 0/1: name='footsteps_Carrelage_V5', format=5, channels=2, frequency=48000, lengthbytes=1600, lengthpcm=55170, pcmblocksize=0, loopstart=0, loopend=0, mode=0x00000000, channelmask=0x00000000, channelorder=0, peakvolume=0.079285.
[LOG] SystemI::createSound                     : filename = Assets/Fmod/Echo/Build/Desktop/Master.bank : mode 02010082
[LOG] SystemI::createSound                     : FMOD_NONBLOCKING specified.  Putting into queue to be opened asynchronously!
[LOG] AsyncThread::add                         : add sound to async queue : soundi = 0000024BE07595B8, queue head = 0000024DA533C6E8, queue count = 0
[LOG] AsyncThread::threadFunc                  : Starting Asynchronous operation on sound 0000024BE07595B8
[LOG] SystemI::createSoundInternal             :     Create name='Assets/Fmod/Echo/Build/Desktop/Master.bank', mode=0x02010082
[LOG] SystemI::createSoundInternal             :     exinfo->cbsize             = 224
[LOG] SystemI::createSoundInternal             :     exinfo->length             = 2226080
[LOG] SystemI::createSoundInternal             :     exinfo->fileoffset         = 41920
[LOG] SystemI::createSoundInternal             :     exinfo->numsubsounds       = 1
[LOG] SystemI::createSoundInternal             :     exinfo->inclusionlist      = 0000024A701692E0
[LOG] SystemI::createSoundInternal             :     exinfo->inclusionlistnum   = 1
[LOG] SystemI::createSoundInternal             :     exinfo->suggestedsoundtype = 5
[LOG] SystemI::createSoundInternal             :     exinfo->initialseekpostype = 1
[LOG] SystemI::createSoundInternal             :     Stream 0/1: name='VOICE_ENNEMY_PATROL', format=5, channels=2, frequency=48000, lengthbytes=183968, lengthpcm=902791, pcmblocksize=0, loopstart=0, loopend=0, mode=0x00000000, channelmask=0x00000000, channelorder=0, peakvolume=0.311432.
[LOG] AsyncThread::threadFunc                  : Finished Asynchronous operation on sound 0000024BE07595B8
[LOG] SystemI::createSoundInternal             : Create name='', mode=0x02000202
[LOG] SystemI::createSoundInternal             : exinfo->cbsize             = 224
[LOG] SystemI::createSoundInternal             : exinfo->length             = 2226080
[LOG] SystemI::createSoundInternal             : exinfo->fileoffset         = 41920
[LOG] SystemI::createSoundInternal             : exinfo->numsubsounds       = 1
[LOG] SystemI::createSoundInternal             : exinfo->inclusionlist      = 000000B67396ED98
[LOG] SystemI::createSoundInternal             : exinfo->inclusionlistnum   = 1
[LOG] SystemI::createSoundInternal             : exinfo->suggestedsoundtype = 5
[LOG] SystemI::createSoundInternal             : exinfo->useropen           = 00007FFE641A5B90
[LOG] SystemI::createSoundInternal             : exinfo->userclose          = 00007FFE641A5B50
[LOG] SystemI::createSoundInternal             : exinfo->userread           = 00007FFE641A5C70
[LOG] SystemI::createSoundInternal             : exinfo->userseek           = 00007FFE641A5D30
[LOG] SystemI::createSoundInternal             : exinfo->fileuserdata       = 0000024A70192888
[LOG] SystemI::createSoundInternal             : exinfo->initialseekpostype = 1
[LOG] SystemI::DSPCodecPoolRegister            : register codec pool for pool type 5
[LOG] SystemI::createSoundInternal             : Sample 0/1: name='Particules_Destruction2_V1', format=5, channels=2, frequency=48000, lengthbytes=26624, lengthpcm=111104, pcmblocksize=0, loopstart=0, loopend=0, mode=0x00000000, channelmask=0x00000000, channelorder=0, peakvolume=0.069092.
[LOG] SoundI::release                          : VOICE_ENNEMY_PATROL (0000024BE07595B8)
[LOG] SoundI::release                          :     VOICE_ENNEMY_PATROL (0000024A64F71BC8)
[LOG] SoundI::release                          :     VOICE_ENNEMY_PATROL (0000024A9D1DF8B8)
[LOG] SoundI::release                          :  (0000024D0437F628)
[LOG] SoundI::release                          :     VOICE_ENNEMY_Surprise_V1 (0000024B6816DB38)
[LOG] SoundI::release                          :  (0000024D043812E8)
[LOG] SoundI::release                          :     VOICE_ENNEMY_Surprise_V2 (0000024B6816DCD8)
[LOG] SoundI::release                          :  (0000024D0437FBE8)
[LOG] SoundI::release                          :     VOICE_ENNEMY_Surprise_V3 (0000024B6816DE78)
[LOG] SoundI::release                          :  (0000024D0437F798)
[LOG] SoundI::release                          :     VOICE_ENNEMY_Surprise_V4 (0000024A3D525668)
[LOG] SystemI::createSound                     : filename = Assets/Fmod/Echo/Build/Desktop/Master.bank : mode 02010082
[LOG] SystemI::createSound                     : FMOD_NONBLOCKING specified.  Putting into queue to be opened asynchronously!
[LOG] AsyncThread::add                         : add sound to async queue : soundi = 0000024E103D6048, queue head = 0000024DA533C6E8, queue count = 0
[LOG] AsyncThread::threadFunc                  : Starting Asynchronous operation on sound 0000024E103D6048
[LOG] SystemI::createSoundInternal             :     Create name='Assets/Fmod/Echo/Build/Desktop/Master.bank', mode=0x02010082
[LOG] SystemI::createSoundInternal             :     exinfo->cbsize             = 224
[LOG] SystemI::createSoundInternal             :     exinfo->length             = 2226080
[LOG] SystemI::createSoundInternal             :     exinfo->fileoffset         = 41920
[LOG] SystemI::createSoundInternal             :     exinfo->numsubsounds       = 1
[LOG] SystemI::createSoundInternal             :     exinfo->inclusionlist      = 0000024BE077DD00
[LOG] SystemI::createSoundInternal             :     exinfo->inclusionlistnum   = 1
[LOG] SystemI::createSoundInternal             :     exinfo->suggestedsoundtype = 5
[LOG] SystemI::createSoundInternal             :     exinfo->initialseekpostype = 1
[LOG] SystemI::createSoundInternal             :     Stream 0/1: name='VOICE_ENNEMY_PATROL', format=5, channels=2, frequency=48000, lengthbytes=183968, lengthpcm=902791, pcmblocksize=0, loopstart=0, loopend=0, mode=0x00000000, channelmask=0x00000000, channelorder=0, peakvolume=0.311432.
[LOG] AsyncThread::threadFunc                  : Finished Asynchronous operation on sound 0000024E103D6048
[LOG] SoundI::release                          :  (0000024D04380768)
[LOG] SoundI::release                          :     VOICE_ENNEMY_Surprise_V5 (0000024A3D525E88)
[LOG] SoundI::release                          :  (0000024D043805F8)
[LOG] SoundI::release                          :     VOICE_ENNEMY_Surprise_V6 (0000024B6816D178)
[LOG] SoundI::release                          :  (0000024D043801A8)
[LOG] SoundI::release                          :     VOICE_ENNEMY_Surprise_V7 (0000024B6816D4B8)
[LOG] SoundI::release                          :  (0000024D04380488)
[LOG] SoundI::release                          :     VOICE_ENNEMY_Surprise_V8 (0000024A3D525328)
[LOG] SoundI::release                          :  (0000024D0437FA78)
[LOG] SoundI::release                          :     VOICE_ENNEMY_Surprise_V9 (0000024A3D5259A8)
[LOG] SoundI::release                          :  (0000024CC0743EC8)
[LOG] SoundI::release                          :     footsteps_Tapis_V1 (0000024C33294AA8)
[LOG] SoundI::release                          :  (0000024CC07406B8)
[LOG] SoundI::release                          :     footsteps_Tapis_V10 (0000024D9FC100D8)
[LOG] SoundI::release                          :  (0000024D0437FD58)
[LOG] SoundI::release                          :     footsteps_Tapis_V2 (0000024D3D933D28)
[LOG] SoundI::release                          :  (0000024CC07400F8)
[LOG] SoundI::release                          :     footsteps_Tapis_V3 (0000024DA5E5CBC8)
[LOG] SoundI::release                          :  (0000024A9F300A78)
[LOG] SoundI::release                          :     footsteps_Tapis_V4 (0000024D1C358728)
[LOG] SoundI::release                          :  (0000024A9F2FF7C8)
[LOG] SoundI::release                          :     footsteps_Tapis_V5 (0000024D1C3573A8)
[LOG] SoundI::release                          :  (0000024D04380D28)
[LOG] SoundI::release                          :     footsteps_Tapis_V6 (0000024D3D9339E8)
[LOG] SoundI::release                          :  (0000024CC0742D88)
[LOG] SoundI::release                          :     footsteps_Tapis_V7 (0000024B02128BC8)
[LOG] SoundI::release                          :  (0000024CC0743908)
[LOG] SoundI::release                          :     footsteps_Tapis_V8 (0000024B02128A28)
[LOG] SoundI::release                          :  (0000024CC0742208)
[LOG] SoundI::release                          :     footsteps_Tapis_V9 (0000024D9FC10DD8)
[LOG] SoundI::release                          :  (0000024CC0743628)
[LOG] SoundI::release                          :     footsteps_Carrelage_V1 (0000024B021290A8)
[LOG] SoundI::release                          :  (0000024D04381008)
[LOG] SoundI::release                          :     footsteps_Carrelage_V10 (0000024D9FC0FC28)
[LOG] SoundI::release                          :  (0000024D04381458)
[LOG] SoundI::release                          :     footsteps_Carrelage_V11 (0000024D9FC0F0C8)
[LOG] SoundI::release                          :  (0000024CC0743D58)
[LOG] SoundI::release                          :     footsteps_Carrelage_V12 (0000024C33294908)
[LOG] SoundI::release                          :  (0000024CC0740B08)
[LOG] SoundI::release                          :     footsteps_Carrelage_V13 (0000024DA5E5C888)
[LOG] SoundI::release                          :  (0000024CC0743BE8)
[LOG] SoundI::release                          :     footsteps_Carrelage_V14 (0000024DA5E5C548)
[LOG] SoundI::release                          :  (0000024CC07424E8)
[LOG] SoundI::release                          :     footsteps_Carrelage_V15 (0000024D9FC10A98)
[LOG] SoundI::release                          :  (0000024CC0740998)
[LOG] SoundI::release                          :     footsteps_Carrelage_V2 (0000024D9FC10C38)
[LOG] SoundI::release                          :  (0000024D04381FD8)
[LOG] SoundI::release                          :     footsteps_Carrelage_V3 (0000024B656FC5E8)
[LOG] SoundI::release                          :  (0000024CC0741518)
[LOG] SoundI::release                          :     footsteps_Carrelage_V4 (0000024C33294768)
[LOG] SoundI::release                          :  (0000024A9F2FFD88)
[LOG] SoundI::release                          :     footsteps_Carrelage_V5 (0000024D1C3576E8)
[LOG] SoundI::release                          :  (0000024CC0740DE8)
[LOG] SoundI::release                          :     footsteps_Carrelage_V6 (0000024B02129248)
[LOG] SoundI::release                          :  (0000024D04381738)
[LOG] SoundI::release                          :     footsteps_Carrelage_V7 (0000024B656FCAC8)
[LOG] SoundI::release                          :  (0000024CC0743A78)
[LOG] SoundI::release                          :     footsteps_Carrelage_V8 (0000024DA5E5D0A8)
[LOG] SoundI::release                          :  (0000024A9F2FF658)
[LOG] SoundI::release                          :     footsteps_Carrelage_V9 (0000024C33293C08)
[LOG] SoundI::release                          :  (0000024CC0741AD8)
[LOG] SoundI::release                          :     footsteps_bois_V1 (0000024C33295128)
[LOG] SoundI::release                          :  (0000024CC07403D8)
[LOG] SoundI::release                          :     footsteps_bois_V10 (0000024C33293728)
[LOG] SoundI::release                          :  (0000024CC0743798)
[LOG] SoundI::release                          :     footsteps_bois_V11 (0000024B021293E8)
[LOG] SoundI::release                          :  (0000024A9F3004B8)
[LOG] SoundI::release                          :     footsteps_bois_V12 (0000024C33294428)
[LOG] SoundI::release                          :  (0000024CC0742098)
[LOG] SoundI::release                          :     footsteps_bois_V13 (0000024C33293A68)
[LOG] SoundI::release                          :  (0000024CC0740268)
[LOG] SoundI::release                          :     footsteps_bois_V14 (0000024C33294C48)
[LOG] SoundI::release                          :  (0000024D04380BB8)
[LOG] SoundI::release                          :     footsteps_bois_V15 (0000024D3D9331C8)
[LOG] SoundI::release                          :  (0000024D04381CF8)
[LOG] SoundI::release                          :     footsteps_bois_V16 (0000024B656FC448)
[LOG] SoundI::release                          :  (0000024D043808D8)
[LOG] SoundI::release                          :     footsteps_bois_V17 (0000024D3D933848)
[LOG] SoundI::release                          :  (0000024D04381A18)
[LOG] SoundI::release                          :     footsteps_bois_V18 (0000024B656FCC68)
[LOG] SoundI::release                          :  (0000024A9F300D58)
[LOG] SoundI::release                          :     footsteps_bois_V2 (0000024D1C357888)
[LOG] SoundI::release                          :  (0000024D04380E98)
[LOG] SoundI::release                          :     footsteps_bois_V3 (0000024D9FC0F408)
[LOG] SoundI::release                          :  (0000024D043815C8)
[LOG] SoundI::release                          :     footsteps_bois_V4 (0000024B656FC2A8)
[LOG] SoundI::release                          :  (0000024A9F2FF938)
[LOG] SoundI::release                          :     footsteps_bois_V5 (0000024D1C357F08)
[LOG] SoundI::release                          :  (0000024A9F300EC8)
[LOG] SoundI::release                          :     footsteps_bois_V6 (0000024D1C357A28)
[LOG] SoundI::release                          :  (0000024CC0741F28)
[LOG] SoundI::release                          :     footsteps_bois_V7 (0000024C33293DA8)
[LOG] SoundI::release                          :  (0000024D0437FEC8)
[LOG] SoundI::release                          :     footsteps_bois_V8 (0000024D3D933EC8)
[LOG] SoundI::release                          :  (0000024D043818A8)
[LOG] SoundI::release                          :     footsteps_bois_V9 (0000024D9FC0FDC8)
[LOG] SoundI::release                          :  (0000024D0437F908)
[LOG] SoundI::release                          :     echovar1 (0000024B235FD5D8)
[LOG] SoundI::release                          :  (0000024D04380318)
[LOG] SoundI::release                          :     echovar2 (0000024B235FCDB8)
[LOG] SoundI::release                          :  (0000024D04380A48)
[LOG] SoundI::release                          :     echovar3 (0000024B235FD778)
[LOG] SoundI::release                          :  (0000024D04381E68)
[LOG] SoundI::release                          :     echovar4 (0000024A9931C0D8)
[LOG] SoundI::release                          :  (0000024D04381B88)
[LOG] SoundI::release                          :     echovar5 (0000024B235FCC18)
[LOG] SoundI::release                          :  (0000024A9CB1FB38)
[LOG] SoundI::release                          :     Particules_Formation_V1 (00000249E80B4A38)
[LOG] SoundI::release                          :  (0000024A9CB241A8)
[LOG] SoundI::release                          :     Particules_Destruction2_V1 (0000024A64F720A8)
[LOG] SoundI::release                          :  (0000024CAD1A01A8)
[LOG] SoundI::release                          :     Heartbeat_Mid (0000024A62B820E8)
[LOG] SoundI::release                          :  (0000024CAD19F628)
[LOG] SoundI::release                          :     Heartbeat_Slow (0000024A62B825C8)
[LOG] SoundI::release                          :  (0000024CAD1A0488)
[LOG] SoundI::release                          :     Heartbeat_Fast (0000024A62B82288)
[LOG] SoundI::release                          :  (0000024DA58F0228)
[LOG] SoundI::release                          :     MAMAN_Pas_REVERB_V3 (0000024D53471DC8)
[LOG] SoundI::release                          :  (0000024DA58EF538)
[LOG] SoundI::release                          :     MAMAN_Pas_REVERB_V5 (0000024D53473E48)
[LOG] SoundI::release                          :  (0000024DA58EEC98)
[LOG] SoundI::release                          :     MAMAN_Pas_REVERB_V8 (0000024D534718E8)
[LOG] SoundI::release                          :  (0000024DA58F11F8)
[LOG] SoundI::release                          :     MAMAN_Pas_REVERB_V9 (0000024D53474B48)
[LOG] SoundI::release                          :  (0000024DA58F1088)
[LOG] SoundI::release                          :     MAMAN_Pas_V1 (0000024D53471268)
[LOG] SoundI::release                          :  (0000024DA58F0C38)
[LOG] SoundI::release                          :     MAMAN_Pas_V10 (0000024D53472108)
[LOG] SoundI::release                          :  (0000024DA58EEE08)
[LOG] SoundI::release                          :     MAMAN_Pas_V9 (0000024D534722A8)
[LOG] SoundI::release                          :  (0000024DA58F0398)
[LOG] SoundI::release                          :     MAMAN_Pas_DEreverb_V1 (0000024D53472E08)
[LOG] SoundI::release                          :  (0000024DA58EFAF8)
[LOG] SoundI::release                          :     MAMAN_Pas_DEreverb_V10 (0000024D534715A8)
[LOG] SoundI::release                          :  (0000024DA58EE6D8)
[LOG] SoundI::release                          :     MAMAN_Pas_DEreverb_V9 (0000024D53473488)
[LOG] SoundI::release                          :  (0000024B0269ECF8)
[LOG] SoundI::release                          :     Livre_Tapis_V1 (0000024BE02A08B8)
[LOG] SoundI::release                          :  (0000024B0269FE38)
[LOG] SoundI::release                          :     Livre_Tapis_V2 (0000024D04434DC8)
[LOG] SoundI::release                          :  (0000024B65CFED28)
[LOG] SoundI::release                          :     Livre_Tapis_V3 (0000024D04434268)
[LOG] SoundI::release                          :  (0000024E109BEC68)
[LOG] SoundI::release                          :     Livre_Tapis_V4 (0000024D1BEE13E8)
[LOG] SoundI::release                          :  (0000024C3CF00348)
[LOG] SoundI::release                          :     Livre_Tapis_V5 (0000024E020165D8)
[LOG] SoundI::release                          :  (0000024C3CEFAD58)
[LOG] SoundI::release                          :     Livre_Bois_V1 (0000024B4FC67698)
[LOG] SoundI::release                          :  (0000024E109BDB28)
[LOG] SoundI::release                          :     Livre_Bois_V2 (0000024D1BEE1728)
[LOG] SoundI::release                          :  (0000024CAD1A0D28)
[LOG] SoundI::release                          :     Livre_Bois_V3 (0000024D9FE09BF8)
[LOG] SoundI::release                          :  (0000024E109BCE38)
[LOG] SoundI::release                          :     Livre_Bois_V4 (0000024E020177B8)
[LOG] SoundI::release                          :  (0000024E109BC708)
[LOG] SoundI::release                          :     Livre_Bois_V5 (0000024E020172D8)
[LOG] SoundI::release                          :  (0000024E109BE538)
[LOG] SoundI::release                          :     Livre_Bois_V6 (0000024D1BEE10A8)
[LOG] SoundI::release                          :  (0000024C3CEFBBB8)
[LOG] SoundI::release                          :     Livre_Carrelage_V1 (0000024C3328E8F8)
[LOG] SoundI::release                          :  (0000024C3CEFCB88)
[LOG] SoundI::release                          :     Livre_Carrelage_V2 (0000024B01EC40E8)
[LOG] SoundI::release                          :  (0000024B65CFF008)
[LOG] SoundI::release                          :     Livre_Carrelage_V3 (0000024E02017AF8)
[LOG] SoundI::release                          :  (0000024B0269D5F8)
[LOG] SoundI::release                          :     Boite_Crayon_Bois_V1 (0000024BE029FBB8)
[LOG] SoundI::release                          :  (0000024E109BDC98)
[LOG] SoundI::release                          :     Boite_Crayon_Bois_V2 (0000024D1BEE1F48)
[LOG] SoundI::release                          :  (0000024B0269E738)
[LOG] SoundI::release                          :     Boite_Crayon_Bois_V3 (0000024BE02A0578)
[LOG] SoundI::release                          :  (0000024C3CEFC178)
[LOG] SoundI::release                          :     Boite_Crayon_Bois_V4 (0000024B01EC4DE8)
[LOG] SoundI::release                          :  (0000024B65CFF5C8)
[LOG] SoundI::release                          :     Boite_Crayon_Bois_V5 (0000024D044338A8)
[LOG] SoundI::release                          :  (0000024C3CEFBA48)
[LOG] SoundI::release                          :     Boite_Crayon_Bois_V6 (0000024B4FC67D18)
[LOG] SoundI::release                          :  (0000024C3CEFC738)
[LOG] SoundI::release                          :     Boite_Crayon_Carrelage_V1 (0000024B01EC4C48)
[LOG] SoundI::release                          :  (0000024B62C4A7D8)
[LOG] SoundI::release                          :     Boite_Crayon_Carrelage_V2 (0000024E020160F8)
[LOG] SoundI::release                          :  (0000024CAD1A0318)
[LOG] SoundI::release                          :     Boite_Crayon_Carrelage_V3 (0000024D9FE09098)
[LOG] SoundI::release                          :  (0000024C3CEFC5C8)
[LOG] SoundI::release                          :     Boite_Crayon_Carrelage_V4 (0000024B01EC4768)
[LOG] SoundI::release                          :  (0000024B0269DA48)
[LOG] SoundI::release                          :     Boite_Crayon_Carrelage_V5 (0000024D04434748)
[LOG] SoundI::release                          :  (0000024CAD19F068)
[LOG] SoundI::release                          :     Boite_Crayon_Carrelage_V6 (0000024DA55E9B68)
[LOG] SoundI::release                          :  (0000024E109BC2B8)
[LOG] SoundI::release                          :     Boite_Crayon_Tapis_V1 (0000024E02016AB8)
[LOG] SoundI::release                          :  (0000024B026A0568)
[LOG] SoundI::release                          :     Boite_Crayon_Tapis_V2 (0000024B027979A8)
[LOG] SoundI::release                          :  (0000024C3CEFC458)
[LOG] SoundI::release                          :     Boite_Crayon_Tapis_V3 (0000024C3328E418)
[LOG] SoundI::release                          :  (0000024B0269FB58)
[LOG] SoundI::release                          :     Stylo_Bois_V1 (0000024BE02B2928)
[LOG] SoundI::release                          :  (0000024CAD1A0E98)
[LOG] SoundI::release                          :     Stylo_Bois_V2 (0000024D9FE098B8)
[LOG] SoundI::release                          :  (0000024C3CEFB488)
[LOG] SoundI::release                          :     Stylo_Bois_V3 (0000024B4FC67838)
[LOG] SoundI::release                          :  (0000024B0269DBB8)
[LOG] SoundI::release                          :     Stylo_Bois_V4 (0000024D04433BE8)
[LOG] SoundI::release                          :  (0000024C3CEFBD28)
[LOG] SoundI::release                          :     Stylo_Bois_V5 (0000024B01EC4428)
[LOG] SoundI::release                          :  (0000024B0269E458)
[LOG] SoundI::release                          :     Stylo_Bois_V7 (0000024BE029FD58)
[LOG] SoundI::release                          :  (0000024B0269F9E8)
[LOG] SoundI::release                          :     Stylo_Tapis_V1 (0000024BE02B2788)
[LOG] SoundI::release                          :  (0000024CAD19F798)
[LOG] SoundI::release                          :     Stylo_Tapis_V2 (0000024D9FE093D8)
[LOG] SoundI::release                          :  (0000024B62C4A0A8)
[LOG] SoundI::release                          :     Stylo_Tapis_V3 (0000024E02016F98)
[LOG] SoundI::release                          :  (0000024B026A0F78)
[LOG] SoundI::release                          :     Stylo_Tapis_V4 (0000024B02797668)
[LOG] SoundI::release                          :  (0000024C3CEFBE98)
[LOG] SoundI::release                          :     Stylo_Tapis_V5 (0000024C3328EDD8)
[LOG] SoundI::release                          :  (0000024C3CEFB768)
[LOG] SoundI::release                          :     Stylo_Carrelage_V1 (0000024C3328E5B8)
[LOG] SoundI::release                          :  (0000024B026A0E08)
[LOG] SoundI::release                          :     Stylo_Carrelage_V2 (0000024BE02A03D8)
[LOG] SoundI::release                          :  (0000024B65CFEBB8)
[LOG] SoundI::release                          :     Stylo_Carrelage_V3 (0000024D04433D88)
[LOG] SoundI::release                          :  (0000024C3CEFAEC8)
[LOG] SoundI::release                          :     Stylo_Carrelage_V4 (0000024DA55EA1E8)
[LOG] SoundI::release                          :  (0000024C3CEFC8A8)
[LOG] SoundI::release                          :     Stylo_Carrelage_V5 (0000024BE02B2FA8)
[LOG] SoundI::release                          :  (0000024CAD1A0768)
[LOG] SoundI::release                          :     Stylo_Carrelage_V6 (0000024A62B81A68)
[LOG] SoundI::release                          :  (0000024DA58EF6A8)
[LOG] SoundI::release                          :     Peluche_Tapis_V1 (0000024D534737C8)
[LOG] SoundI::release                          :  (0000024E109BD288)
[LOG] SoundI::release                          :     Peluche_Tapis_V2 (0000024DA55CEB48)
[LOG] SoundI::release                          :  (0000024E109BCCC8)
[LOG] SoundI::release                          :     Peluche_Tapis_V3 (0000024DA55D1DA8)
[LOG] SoundI::release                          :  (0000024E109BD9B8)
[LOG] SoundI::release                          :     Peluche_Tapis_V4 (0000024DA55CE4C8)
[LOG] SoundI::release                          :  (0000024E109BF398)
[LOG] SoundI::release                          :     Peluche_Bois_V1 (0000024DA55D03A8)
[LOG] SoundI::release                          :  (0000024E109BE3C8)
[LOG] SoundI::release                          :     Peluche_Bois_V2 (0000024DA55CF6A8)
[LOG] SoundI::release                          : FOND_SONORE (0000024BE0581C98)
[LOG] SoundI::release                          :     FOND_SONORE (0000024A7038A5E8)
[LOG] SoundI::release                          :     FOND_SONORE (0000024B027913B8)
[LOG] SoundI::release                          : VOICE_ENNEMY_PATROL (0000024E103D6048)
[LOG] SoundI::release                          :     VOICE_ENNEMY_PATROL (0000024B01ABFDA8)
[LOG] SoundI::release                          :     VOICE_ENNEMY_PATROL (0000024E103D77E8)
[LOG] SoundI::release                          :  (0000024E109C0088)
[LOG] SoundI::release                          :     Peluche_Bois_V3 (0000024DA55D0068)
[LOG] SoundI::release                          :  (0000024E109BFAC8)
[LOG] SoundI::release                          :     Peluche_Bois_V4 (0000024DA55D20E8)
[LOG] SoundI::release                          :  (0000024E109BCB58)
[LOG] SoundI::release                          :     Peluche_Bois_V5 (0000024DA55CFB88)
[LOG] SoundI::release                          :  (0000024DA58EF988)
[LOG] SoundI::release                          :     Peluche_Carrelage_V1 (0000024D53472448)
[LOG] SoundI::release                          :  (0000024E109BD3F8)
[LOG] SoundI::release                          :     Peluche_Carrelage_V2 (0000024DA55CECE8)
[LOG] SoundI::release                          :  (0000024E109BF958)
[LOG] SoundI::release                          :     Peluche_Carrelage_V3 (0000024DA55CF9E8)
[LOG] SoundI::release                          :  (0000024E109BE988)
[LOG] SoundI::release                          :     Peluche_Carrelage_V4 (0000024DA55D0888)
[LOG] SoundI::release                          :  (0000024E109BEAF8)
[LOG] SoundI::release                          :     Peluche_Carrelage_V5 (0000024DA55D18C8)
[LOG] SoundI::release                          :  (0000024E109BE0E8)
[LOG] SoundI::release                          :     Peluche_Carrelage_V6 (0000024DA55D0BC8)
[LOG] SoundI::release                          :  (0000024DA58F17B8)
[LOG] SoundI::release                          :     Poele_Carrelage_V1 (0000024D53472788)
[LOG] SoundI::release                          :  (0000024E109BEDD8)
[LOG] SoundI::release                          :     Poele_Carrelage_V2 (0000024DA55CF848)
[LOG] SoundI::release                          :  (0000024E109BF678)
[LOG] SoundI::release                          :     Poele_Carrelage_V3 (0000024D534732E8)
[LOG] SoundI::release                          :  (0000024E109BF7E8)
[LOG] SoundI::release                          :     Poele_Carrelage_V4 (0000024D53474E88)
[LOG] SoundI::release                          :  (0000024E109BD118)
[LOG] SoundI::release                          :     Poele_Tapis_V1 (0000024DA55D1588)
[LOG] SoundI::release                          :  (0000024E109BF508)
[LOG] SoundI::release                          :     Poele_Tapis_V2 (0000024DA55D1728)
[LOG] SoundI::release                          :  (0000024E109BDE08)
[LOG] SoundI::release                          :     Poele_Tapis_V3 (0000024DA55CF028)
[LOG] SoundI::release                          :  (0000024E109BDF78)
[LOG] SoundI::release                          :     Poele_Tapis_V4 (0000024DA55D13E8)
[LOG] SoundI::release                          :  (0000024E109BCFA8)
[LOG] SoundI::release                          :     Poele_Bois_V1 (0000024DA55D1248)
[LOG] SoundI::release                          :  (0000024E109BE818)
[LOG] SoundI::release                          :     Poele_Bois_V2 (0000024DA55D0D68)
[LOG] SoundI::release                          :  (0000024DA58EFC68)
[LOG] SoundI::release                          :     Poele_Bois_V3 (0000024D53471A88)
[LOG] SoundI::release                          :  (0000024E109BFC38)
[LOG] SoundI::release                          :     Keys_Carrelage_V1 (0000024C3CEF8D78)
[LOG] SoundI::release                          :  (0000024E109BD6D8)
[LOG] SoundI::release                          :     Keys_Carrelage_V2 (0000024C3CEF90B8)
[LOG] SoundI::release                          :  (0000024E109BE6A8)
[LOG] SoundI::release                          :     Keys_Carrelage_V3 (0000024C3CEF8A38)
[LOG] SoundI::release                          :  (0000024E109BFF18)
[LOG] SoundI::release                          :     Keys_Carrelage_V4 (0000024C3CEF9258)
[LOG] SoundI::release                          :  (0000024E109BE258)
[LOG] SoundI::release                          :     Keys_Tapis_V1 (0000024C3CEF9A78)
[LOG] SoundI::release                          :  (0000024E109BD848)
[LOG] SoundI::release                          :     Keys_Tapis_V2 (0000024C3CEF9738)
[LOG] SoundI::release                          :  (0000024E109BC9E8)
[LOG] SoundI::release                          :     Keys_Tapis_V3 (0000024D1BEE0D68)
[LOG] SoundI::release                          :  (0000024E109BC598)
[LOG] SoundI::release                          :     Keys_Tapis_V4 (0000024C3CEF98D8)
[LOG] SoundI::release                          :  (0000024E109BEF48)
[LOG] SoundI::release                          :     Keys_Bois_V1 (0000024C3CEF8898)
[LOG] SoundI::release                          :  (0000024E109BF0B8)
[LOG] SoundI::release                          :     Keys_Bois_V2 (0000024D1BEE1A68)
[LOG] SoundI::release                          :  (0000024E109BD568)
[LOG] SoundI::release                          :     Keys_Bois_V3 (0000024D1BEE0F08)
[LOG] SoundI::release                          :  (0000024E109BF228)
[LOG] SoundI::release                          :     Keys_Bois_V4 (0000024C3CEF83B8)
[LOG] SoundI::release                          :  (0000024E109BC428)
[LOG] SoundI::release                          :     Keys_Bois_V5 (0000024D1BEE1DA8)
[LOG] SoundI::release                          :  (0000024BE0697608)
[LOG] SoundI::release                          :     Brosse_a_dents_Bois_V1 (0000024E02017478)
[LOG] SoundI::release                          :  (0000024C3CEFC2E8)
[LOG] SoundI::release                          :     Brosse_a_dents_Bois_V2 (0000024BE02B25E8)
[LOG] SoundI::release                          :  (0000024B65CFEE98)
[LOG] SoundI::release                          :     Brosse_a_dents_Bois_V3 (0000024D04433568)
[LOG] SoundI::release                          :  (0000024C3CF00A78)
[LOG] SoundI::release                          :     Brosse_a_dents_Bois_V4 (0000024E02016918)
[LOG] SoundI::release                          :  (0000024B0269FFA8)
[LOG] SoundI::release                          :     Brosse_a_dents_Bois_V5 (0000024B02798368)
[LOG] SoundI::release                          :  (0000024C3CEFB1A8)
[LOG] SoundI::release                          :     Brosse_a_dents_Bois_V6 (0000024DA55EA528)
[LOG] SoundI::release                          :  (0000024B0269FCC8)
[LOG] SoundI::release                          :     Brosse_a_dents_Carrelage_V1 (0000024D04434408)
[LOG] SoundI::release                          :  (0000024E109BC878)
[LOG] SoundI::release                          :     Brosse_a_dents_Carrelage_V2 (0000024D1BEE0BC8)
[LOG] SoundI::release                          :  (0000024E109BFDA8)
[LOG] SoundI::release                          :     Brosse_a_dents_Carrelage_V3 (0000024D1BEE1588)
[LOG] SoundI::release                          :  (0000024B0269D768)
[LOG] SoundI::release                          :     Brosse_a_dents_Carrelage_V4 (0000024B02798028)
[LOG] SoundI::release                          :  (0000024C3CEFCA18)
[LOG] SoundI::release                          :     Brosse_a_dents_Carrelage_V5 (0000024B4FC679D8)
[LOG] SoundI::release                          :  (0000024B026A0848)
[LOG] SoundI::release                          :     Brosse_a_dents_Tapis_V2 (0000024D04433F28)
[LOG] SoundI::release                          :  (0000024C3CEFB318)
[LOG] SoundI::release                          :     Brosse_a_dents_Tapis_V3 (0000024DA55E9EA8)
[LOG] SoundI::release                          :  (0000024CAD1A08D8)
[LOG] SoundI::release                          :     Brosse_a_dents_Tapis_V4 (0000024D9FE09D98)
[LOG] SoundI::release                          :  (0000024C3CEFC008)
[LOG] SoundI::release                          :     Brosse_a_dents_Tapis_V5 (0000024B4FC68058)
[LOG] SoundI::release                          :  (0000024B026A06D8)
[LOG] SoundI::release                          :     Brosse_a_dents_Tapis_V6 (0000024D044345A8)
[LOG] Thread::callback                         : FMOD Studio update thread finished.
[LOG] Thread::callback                         : FMOD Studio bank load thread finished.
[LOG] Profile::disconnectAll                   : Profiler disconnecting all clients
[LOG] Thread::callback                         : FMOD Studio sample load thread finished.
[LOG] LiveUpdate::release                      : 
[LOG] LiveUpdate::reset                        : Reset connection (reason Disconnected)
[LOG] Thread::callback                         : FMOD stream thread finished.
[LOG] Thread::callback                         : FMOD mixer thread finished.
[LOG] Profile::disconnectAll                   : Profiler disconnecting all clients
[LOG] SystemI::close                           : Closed.
[LOG] Manager::readBank                        : fileversion = 142, compatVersion = 140 (oldest = 44, newest = 142)
[LOG] Manager::readBank                        : fileversion = 142, compatVersion = 140 (oldest = 44, newest = 142)
[LOG] Manager::readBank                        : fileversion = 142, compatVersion = 140 (oldest = 44, newest = 142)
[LOG] PlaybackSystem::acquireMasterBus         : Setting master channel group format to 6
